Ticker,Period,Strategy,Total_Return,Market_Return,Vs_Market,Up_Day_Rate,Max_Drawdown,Sharpe_Ratio,Final_Value,Score
SO,train,Buy & Hold,53.59,53.69,-0.11,54.18,-38.43,0.391,15358.63,0.4874
SO,train,SMA Crossover,18.27,53.69,-35.43,34.66,-27.89,0.208,11826.58,0.3569
SO,train,EMA Crossover,10.45,53.69,-43.25,35.27,-29.59,0.126,11044.65,0.2951
SO,train,SMA + RSI,3.44,53.69,-50.25,28.22,-25.27,0.037,10344.37,0.2496
SO,train,Bollinger Bands,-4.59,53.69,-58.29,2.4,-16.82,-0.191,9540.64,0.1449
SO,train,Logistic Regression,38.04,37.38,0.66,35.55,-23.88,0.691,13803.62,0.6499
SO,train,Random Forest,28.7,37.38,-8.67,27.62,-26.1,0.479,12870.2,0.5186
SO,test,Buy & Hold,97.6,96.41,1.18,51.68,-23.28,0.558,19759.59,0.7044
SO,test,SMA Crossover,20.91,96.41,-75.5,28.95,-24.27,0.082,12090.88,0.31
SO,test,EMA Crossover,-0.09,96.41,-96.5,34.15,-31.32,-0.13,9991.41,0.1409
SO,test,SMA + RSI,-2.93,96.41,-99.34,23.55,-26.45,-0.247,9706.92,0.0913
SO,test,Bollinger Bands,-2.02,96.41,-98.43,2.87,-15.49,-0.691,9797.85,-0.096
SO,test,Logistic Regression,54.75,86.2,-31.46,40.53,-17.66,0.371,15474.65,0.542
SO,test,Random Forest,20.37,86.2,-65.83,34.82,-21.77,0.076,12036.92,0.3134
DUK,train,Buy & Hold,41.11,40.42,0.69,53.56,-37.37,0.336,14111.0,0.4381
DUK,train,SMA Crossover,2.51,40.42,-37.91,31.3,-21.94,0.044,10251.26,0.2612
DUK,train,EMA Crossover,-8.61,40.42,-49.04,32.74,-32.53,-0.104,9138.74,0.1332
DUK,train,SMA + RSI,-27.01,40.42,-67.44,25.21,-34.64,-0.431,7298.91,-0.0734
DUK,train,Bollinger Bands,5.24,40.42,-35.18,2.74,-11.75,0.034,10524.17,0.2922
DUK,train,Logistic Regression,31.07,23.57,7.49,43.77,-29.86,0.475,13106.5,0.5101
DUK,train,Random Forest,34.98,23.57,11.4,37.39,-16.75,0.539,13497.54,0.5892
DUK,test,Buy & Hold,69.82,69.72,0.1,53.32,-24.16,0.428,16981.88,0.5812
DUK,test,SMA Crossover,-1.44,69.72,-71.16,29.98,-28.62,-0.196,9855.86,0.1133
DUK,test,EMA Crossover,-10.38,69.72,-80.1,34.15,-36.32,-0.295,8961.98,0.0228
DUK,test,SMA + RSI,-10.09,69.72,-79.8,25.67,-31.44,-0.354,8991.44,0.0085
DUK,test,Bollinger Bands,-9.42,69.72,-79.14,2.94,-16.81,-1.024,9058.34,-0.2813
DUK,test,Logistic Regression,52.68,60.7,-8.02,48.33,-21.04,0.342,15268.26,0.5132
DUK,test,Random Forest,-12.11,60.7,-72.81,39.21,-30.81,-0.292,8789.02,0.0373
AEP,train,Buy & Hold,82.29,82.23,0.06,55.55,-32.91,0.545,18228.56,0.6384
AEP,train,SMA Crossover,23.7,82.23,-58.53,34.38,-26.5,0.267,12370.2,0.4014
AEP,train,EMA Crossover,19.95,82.23,-62.28,38.56,-26.87,0.226,11995.23,0.3723
AEP,train,SMA + RSI,39.26,82.23,-42.97,28.84,-22.56,0.453,13925.65,0.5373
AEP,train,Bollinger Bands,-9.91,82.23,-92.13,2.74,-17.23,-0.305,9009.38,0.076
AEP,train,Logistic Regression,9.76,36.08,-26.32,42.92,-24.0,0.194,10975.8,0.3445
AEP,train,Random Forest,-8.93,36.08,-45.01,39.8,-33.49,-0.116,9107.12,0.1237
AEP,test,Buy & Hold,71.98,71.55,0.43,52.57,-29.56,0.416,17197.88,0.5633
AEP,test,SMA Crossover,-6.4,71.55,-77.96,29.09,-36.5,-0.228,9359.72,0.0637
AEP,test,EMA Crossover,11.39,71.55,-60.17,32.17,-27.53,-0.005,11138.75,0.2377
AEP,test,SMA + RSI,-19.65,71.55,-91.2,23.89,-34.4,-0.481,8035.27,-0.083
AEP,test,Bollinger Bands,-8.89,71.55,-80.44,4.38,-16.94,-0.795,9111.31,-0.1661
AEP,test,Logistic Regression,143.91,81.91,62.0,43.25,-23.31,0.816,24391.0,0.9259
AEP,test,Random Forest,68.48,81.91,-13.43,39.14,-21.4,0.479,16848.33,0.6123
ED,train,Buy & Hold,50.74,50.59,0.15,55.07,-30.91,0.387,15074.27,0.5023
ED,train,SMA Crossover,4.64,50.59,-45.95,30.82,-23.75,0.05,10464.12,0.263
ED,train,EMA Crossover,13.31,50.59,-37.28,33.77,-24.4,0.16,11331.17,0.3334
ED,train,SMA + RSI,5.34,50.59,-45.25,25.55,-21.37,0.053,10534.07,0.2731
ED,train,Bollinger Bands,1.53,50.59,-49.06,2.67,-13.61,-0.072,10153.29,0.2262
ED,train,Logistic Regression,18.07,5.2,12.87,46.74,-22.81,0.306,11806.57,0.4207
ED,train,Random Forest,17.6,5.2,12.4,38.95,-17.31,0.308,11759.79,0.4373
ED,test,Buy & Hold,66.05,65.66,0.39,52.36,-22.03,0.396,16605.17,0.564
ED,test,SMA Crossover,18.0,65.66,-47.66,29.91,-23.28,0.052,11800.25,0.2922
ED,test,EMA Crossover,-13.1,65.66,-78.76,30.05,-33.08,-0.321,8689.9,0.0141
ED,test,SMA + RSI,30.46,65.66,-35.21,25.33,-22.26,0.186,13045.55,0.3871
ED,test,Bollinger Bands,-2.32,65.66,-67.98,3.29,-13.14,-0.795,9767.6,-0.1416
ED,test,Logistic Regression,5.7,68.78,-63.07,41.16,-21.21,-0.057,10570.46,0.2193
ED,test,Random Forest,39.24,68.78,-29.53,36.28,-19.37,0.265,13924.48,0.4529
XEL,train,Buy & Hold,138.42,137.94,0.48,55.75,-29.28,0.756,23841.98,0.867
XEL,train,SMA Crossover,56.1,137.94,-81.84,35.41,-22.47,0.52,15610.28,0.6048
XEL,train,EMA Crossover,74.58,137.94,-63.36,41.37,-20.5,0.616,17458.48,0.6957
XEL,train,SMA + RSI,34.71,137.94,-103.23,28.9,-21.35,0.371,13471.1,0.4909
XEL,train,Bollinger Bands,-9.09,137.94,-147.04,3.08,-21.0,-0.207,9090.63,0.1153
XEL,train,Logistic Regression,53.87,61.35,-7.48,34.7,-15.26,0.814,15386.93,0.769
XEL,train,Random Forest,70.24,61.35,8.9,35.27,-13.31,1.053,17024.25,0.927
XEL,test,Buy & Hold,32.46,32.53,-0.07,51.75,-34.41,0.189,13246.23,0.3562
XEL,test,SMA Crossover,-12.95,32.53,-45.48,28.34,-33.45,-0.317,8704.83,0.0152
XEL,test,EMA Crossover,-22.04,32.53,-54.57,28.88,-35.39,-0.433,7796.04,-0.0668
XEL,test,SMA + RSI,-15.42,32.53,-47.95,24.02,-31.57,-0.398,8457.56,-0.0246
XEL,test,Bollinger Bands,-17.88,32.53,-50.41,3.22,-24.8,-1.158,8212.23,-0.3892
XEL,test,Logistic Regression,24.05,39.12,-15.07,39.28,-25.72,0.127,12405.26,0.3344
XEL,test,Random Forest,11.73,39.12,-27.39,35.17,-41.1,0.007,11172.85,0.2037
KHC,train,Buy & Hold,-43.95,-43.33,-0.62,49.68,-76.07,-0.22,5605.1,-0.1261
KHC,train,SMA Crossover,-18.72,-43.33,24.61,23.91,-52.95,-0.119,8128.15,0.0442
KHC,train,EMA Crossover,-18.17,-43.33,25.16,22.33,-37.38,-0.221,8183.42,0.041
KHC,train,SMA + RSI,-17.28,-43.33,26.05,21.47,-51.39,-0.13,8272.31,0.0463
KHC,train,Bollinger Bands,-28.57,-43.33,14.76,5.15,-39.67,-0.563,7142.71,-0.1576
KHC,train,Logistic Regression,-31.59,-35.55,3.96,24.04,-45.79,-0.529,6841.08,-0.1651
KHC,train,Random Forest,13.13,-35.55,48.68,32.05,-25.08,0.257,11312.84,0.3795
KHC,test,Buy & Hold,2.3,1.64,0.67,51.14,-41.69,-0.006,10230.29,0.1765
KHC,test,SMA Crossover,-22.2,1.64,-23.84,23.61,-39.48,-0.407,7779.86,-0.0663
KHC,test,EMA Crossover,-9.47,1.64,-11.11,23.46,-42.94,-0.226,9052.73,0.0392
KHC,test,SMA + RSI,-21.01,1.64,-22.65,20.24,-40.77,-0.439,7898.95,-0.0838
KHC,test,Bollinger Bands,13.9,1.64,12.26,3.93,-4.57,-0.139,11389.71,0.2446
KHC,test,Logistic Regression,8.52,-8.42,16.94,24.76,-29.02,-0.061,10851.78,0.1995
KHC,test,Random Forest,24.42,-8.42,32.84,33.21,-25.88,0.128,12442.12,0.3352
GIS,train,Buy & Hold,44.57,42.35,2.22,52.95,-45.1,0.357,14456.79,0.4323
GIS,train,SMA Crossover,-7.5,42.35,-49.86,32.47,-34.65,-0.057,9249.54,0.1525
GIS,train,EMA Crossover,-11.18,42.35,-53.53,31.37,-31.5,-0.087,8881.78,0.1396
GIS,train,SMA + RSI,3.4,42.35,-38.95,27.88,-27.63,0.053,10339.9,0.2504
GIS,train,Bollinger Bands,9.24,42.35,-33.11,4.04,-6.95,0.134,10924.42,0.3646
GIS,train,Logistic Regression,10.32,15.97,-5.65,38.39,-21.14,0.201,11032.09,0.3577
GIS,train,Random Forest,16.59,15.97,0.62,37.68,-28.68,0.292,11659.49,0.3931
GIS,test,Buy & Hold,-19.55,-20.03,0.47,50.44,-59.63,-0.207,8044.53,-0.0215
GIS,test,SMA Crossover,-13.72,-20.03,6.31,23.2,-36.06,-0.336,8628.35,-0.0036
GIS,test,EMA Crossover,-2.96,-20.03,17.07,22.52,-28.72,-0.201,9704.04,0.1074
GIS,test,SMA + RSI,3.5,-20.03,23.53,19.99,-28.25,-0.13,10350.29,0.1572
GIS,test,Bollinger Bands,-6.14,-20.03,13.89,3.9,-11.65,-0.844,9386.39,-0.1692
GIS,test,Logistic Regression,27.11,-19.3,46.41,41.71,-30.62,0.151,12710.94,0.3379
GIS,test,Random Forest,-14.26,-19.3,5.04,36.77,-34.3,-0.279,8573.73,0.0291
CAG,train,Buy & Hold,55.66,55.26,0.4,52.12,-47.67,0.379,15566.08,0.4578
CAG,train,SMA Crossover,25.14,55.26,-30.12,30.55,-22.16,0.248,12514.39,0.4078
CAG,train,EMA Crossover,-11.25,55.26,-66.51,31.71,-36.43,-0.058,8875.45,0.1392
CAG,train,SMA + RSI,20.39,55.26,-34.87,26.51,-24.82,0.215,12038.89,0.3738
CAG,train,Bollinger Bands,-12.59,55.26,-67.85,3.49,-20.72,-0.364,8741.42,0.0307
CAG,train,Logistic Regression,15.79,7.02,8.76,35.98,-31.37,0.274,11578.53,0.3745
CAG,train,Random Forest,41.19,7.02,34.16,38.24,-41.41,0.511,14118.68,0.5137
CAG,test,Buy & Hold,-43.81,-43.83,0.02,48.87,-62.52,-0.429,5618.63,-0.1897
CAG,test,SMA Crossover,-42.51,-43.83,1.32,20.4,-51.61,-0.752,5749.15,-0.3158
CAG,test,EMA Crossover,-30.75,-43.83,13.08,19.16,-38.63,-0.553,6924.63,-0.1539
CAG,test,SMA + RSI,-37.52,-43.83,6.31,18.62,-47.89,-0.711,6247.64,-0.2742
CAG,test,Bollinger Bands,16.43,-43.83,60.26,4.93,-9.79,-0.028,11643.07,0.2895
CAG,test,Logistic Regression,-44.66,-41.49,-3.16,41.23,-59.2,-0.566,5534.44,-0.2499
CAG,test,Random Forest,-56.27,-41.49,-14.78,33.22,-67.14,-0.912,4372.85,-0.47
CPB,train,Buy & Hold,32.11,31.33,0.78,52.88,-48.74,0.279,13210.89,0.3575
CPB,train,SMA Crossover,-26.9,31.33,-58.24,29.32,-43.15,-0.285,7309.83,-0.0257
CPB,train,EMA Crossover,-18.94,31.33,-50.27,30.82,-37.0,-0.187,8106.45,0.0576
CPB,train,SMA + RSI,-21.97,31.33,-53.3,25.0,-34.04,-0.244,7803.12,0.0319
CPB,train,Bollinger Bands,-19.82,31.33,-51.16,3.29,-23.0,-0.575,8017.55,-0.0961
CPB,train,Logistic Regression,-31.22,11.43,-42.65,33.14,-38.99,-0.631,6877.99,-0.1949
CPB,train,Random Forest,-18.09,11.43,-29.52,31.3,-29.46,-0.336,8191.27,0.0074
CPB,test,Buy & Hold,-39.06,-39.4,0.34,48.46,-60.04,-0.35,6094.21,-0.1332
CPB,test,SMA Crossover,-29.45,-39.4,9.95,20.26,-40.89,-0.469,7055.05,-0.1161
CPB,test,EMA Crossover,-31.97,-39.4,7.43,21.15,-38.22,-0.539,6803.14,-0.1481
CPB,test,SMA + RSI,-19.84,-39.4,19.56,19.23,-37.59,-0.371,8015.68,-0.038
CPB,test,Bollinger Bands,4.18,-39.4,43.58,4.72,-13.56,-0.38,10417.77,0.0777
CPB,test,Logistic Regression,-0.95,-41.49,40.54,43.31,-37.26,-0.054,9905.01,0.1593
CPB,test,Random Forest,-22.42,-41.49,19.07,38.79,-41.05,-0.292,7758.01,-0.014
SJM,train,Buy & Hold,34.26,33.55,0.71,52.26,-36.71,0.293,13426.01,0.4049
SJM,train,SMA Crossover,12.6,33.55,-20.95,27.53,-37.62,0.154,11260.45,0.2893
SJM,train,EMA Crossover,28.7,33.55,-4.85,29.11,-28.06,0.274,12870.43,0.4102
SJM,train,SMA + RSI,16.63,33.55,-16.92,24.11,-37.93,0.185,11662.87,0.312
SJM,train,Bollinger Bands,8.74,33.55,-24.81,3.42,-12.77,0.106,10874.15,0.3322
SJM,train,Logistic Regression,-21.51,0.75,-22.26,38.53,-32.79,-0.371,7849.17,-0.0269
SJM,train,Random Forest,-4.55,0.75,-5.3,34.28,-35.13,-0.063,9545.0,0.154
SJM,test,Buy & Hold,30.99,30.33,0.66,49.9,-38.11,0.188,13098.83,0.3416
SJM,test,SMA Crossover,12.3,30.33,-18.03,24.98,-28.72,0.02,11230.17,0.2484
SJM,test,EMA Crossover,-35.57,30.33,-65.9,27.31,-47.66,-0.457,6442.91,-0.1426
SJM,test,SMA + RSI,47.94,30.33,17.61,23.2,-19.2,0.313,14794.26,0.4948
SJM,test,Bollinger Bands,3.31,30.33,-27.02,3.29,-11.91,-0.534,10331.36,0.0039
SJM,test,Logistic Regression,30.59,25.32,5.27,38.86,-34.72,0.177,13058.65,0.3455
SJM,test,Random Forest,-30.85,25.32,-56.17,32.59,-55.75,-0.458,6914.78,-0.158
T,train,Buy & Hold,24.36,24.43,-0.06,52.33,-31.43,0.239,12436.29,0.3739
T,train,SMA Crossover,19.44,24.43,-4.98,30.14,-31.52,0.228,11944.17,0.3583
T,train,EMA Crossover,8.16,24.43,-16.26,32.19,-25.78,0.098,10816.26,0.288
T,train,SMA + RSI,38.63,24.43,14.21,25.96,-28.16,0.465,13863.27,0.5253
T,train,Bollinger Bands,4.19,24.43,-20.24,3.7,-12.61,0.011,10418.59,0.276
T,train,Logistic Regression,-21.11,-11.66,-9.45,36.54,-28.38,-0.341,7888.98,0.0021
T,train,Random Forest,-33.05,-11.66,-21.38,37.96,-34.77,-0.633,6695.46,-0.1869
T,test,Buy & Hold,78.41,78.57,-0.16,51.47,-35.47,0.408,17841.14,0.5544
T,test,SMA Crossover,26.54,78.57,-52.02,29.5,-33.67,0.145,12654.34,0.3246
T,test,EMA Crossover,56.52,78.57,-22.05,33.33,-33.14,0.343,15651.76,0.4851
T,test,SMA + RSI,60.21,78.57,-18.36,25.12,-21.46,0.399,16020.76,0.5555
T,test,Bollinger Bands,-16.98,78.57,-95.54,3.08,-22.58,-0.909,8302.29,-0.2562
T,test,Logistic Regression,39.95,63.48,-23.53,43.73,-34.27,0.238,13994.55,0.3961
T,test,Random Forest,61.64,63.48,-1.83,35.65,-33.16,0.381,16164.49,0.5143
VZ,train,Buy & Hold,59.32,59.81,-0.49,51.16,-20.11,0.473,15932.17,0.5948
VZ,train,SMA Crossover,-8.35,59.81,-68.16,28.49,-25.55,-0.139,9164.97,0.1371
VZ,train,EMA Crossover,-24.75,59.81,-84.55,31.1,-40.19,-0.392,7525.44,-0.0661
VZ,train,SMA + RSI,-8.2,59.81,-68.01,23.97,-29.04,-0.16,9180.1,0.1165
VZ,train,Bollinger Bands,11.21,59.81,-48.6,4.52,-8.54,0.166,11121.34,0.3798
VZ,train,Logistic Regression,-6.6,23.36,-29.96,20.96,-25.06,-0.223,9340.16,0.1001
VZ,train,Random Forest,35.27,23.36,11.9,33.85,-15.0,0.681,13526.53,0.666
VZ,test,Buy & Hold,20.24,20.0,0.23,50.1,-41.21,0.111,12023.71,0.2724
VZ,test,SMA Crossover,-39.07,20.0,-59.07,23.0,-45.47,-0.711,6092.94,-0.27
VZ,test,EMA Crossover,-20.79,20.0,-40.79,25.39,-36.91,-0.418,7921.1,-0.0613
VZ,test,SMA + RSI,-35.11,20.0,-55.12,19.78,-42.08,-0.725,6488.52,-0.259
VZ,test,Bollinger Bands,-20.32,20.0,-40.32,3.83,-20.9,-1.176,7967.95,-0.3913
VZ,test,Logistic Regression,14.15,13.29,0.85,33.43,-38.02,0.029,11414.66,0.2287
VZ,test,Random Forest,-4.14,13.29,-17.43,33.84,-31.92,-0.177,9586.41,0.1075
PARA,train,Buy & Hold,4.28,4.33,-0.05,33.33,-7.23,-0.097,10428.28,0.2384
PARA,train,SMA Crossover,7.06,4.33,2.73,22.32,-4.4,0.079,10706.4,0.3404
PARA,train,EMA Crossover,6.16,4.33,1.83,23.19,-4.4,0.008,10616.01,0.3031
PARA,train,SMA + RSI,4.97,4.33,0.63,17.83,-3.24,-0.115,10496.79,0.2427
PARA,train,Bollinger Bands,-0.44,4.33,-4.77,1.3,-1.36,-2.733,9956.47,-1.0715
PARA,train,Logistic Regression,2.13,7.29,-5.16,4.36,-1.16,-1.152,10213.49,-0.2752
PARA,train,Random Forest,2.83,7.29,-4.47,9.66,-2.39,-0.579,10282.76,0.009
PARA,test,Buy & Hold,-100.0,-100.0,-0.0,36.32,-100.0,-1.51,0.16,-0.955
PARA,test,SMA Crossover,-47.01,-100.0,52.99,2.6,-52.83,-0.887,5298.86,-0.396
PARA,test,EMA Crossover,-41.05,-100.0,58.95,1.3,-42.45,-0.9,5895.19,-0.3595
PARA,test,SMA + RSI,-47.01,-100.0,52.99,2.6,-52.83,-0.887,5298.86,-0.396
PARA,test,Bollinger Bands,-68.33,-100.0,31.67,3.76,-79.92,-1.04,3166.86,-0.5964
PARA,test,Logistic Regression,-99.99,-100.0,0.01,34.08,-99.99,-2.262,0.95,-1.331
PARA,test,Random Forest,-99.96,-100.0,0.04,32.88,-99.96,-1.472,4.06,-0.9358
BMY,train,Buy & Hold,19.93,19.69,0.24,52.95,-39.3,0.217,11992.93,0.3305
BMY,train,SMA Crossover,-28.99,19.69,-48.68,30.82,-45.17,-0.276,7100.87,-0.0315
BMY,train,EMA Crossover,-33.07,19.69,-52.76,31.23,-48.66,-0.328,6692.76,-0.0761
BMY,train,SMA + RSI,-13.77,19.69,-33.45,26.16,-36.44,-0.12,8623.25,0.1031
BMY,train,Bollinger Bands,-12.9,19.69,-32.59,4.18,-21.38,-0.358,8709.76,0.0311
BMY,train,Logistic Regression,26.55,8.59,17.97,43.91,-25.52,0.426,12655.49,0.4895
BMY,train,Random Forest,32.81,8.59,24.22,40.37,-22.21,0.512,13280.51,0.555
BMY,test,Buy & Hold,32.68,32.2,0.48,49.76,-47.67,0.194,13267.96,0.3194
BMY,test,SMA Crossover,-4.34,32.2,-36.53,24.16,-42.98,-0.165,9566.38,0.0799
BMY,test,EMA Crossover,45.48,32.2,13.28,26.01,-23.15,0.289,14547.96,0.466
BMY,test,SMA + RSI,15.87,32.2,-16.33,20.26,-29.17,0.032,11586.87,0.2602
BMY,test,Bollinger Bands,-21.62,32.2,-53.81,2.67,-24.2,-1.356,7838.48,-0.4938
BMY,test,Logistic Regression,-28.77,26.8,-55.58,38.02,-54.49,-0.353,7122.72,-0.0975
BMY,test,Random Forest,-46.9,26.8,-73.7,34.96,-63.64,-0.723,5309.89,-0.3462
PFE,train,Buy & Hold,48.66,48.83,-0.17,50.07,-35.43,0.383,14866.31,0.4825
PFE,train,SMA Crossover,-8.48,48.83,-57.31,29.32,-29.01,-0.104,9151.94,0.144
PFE,train,EMA Crossover,-26.54,48.83,-75.37,31.1,-39.91,-0.371,7345.97,-0.0583
PFE,train,SMA + RSI,-8.41,48.83,-57.25,24.59,-25.45,-0.121,9158.57,0.1463
PFE,train,Bollinger Bands,6.67,48.83,-42.16,5.0,-12.0,0.061,10667.46,0.3078
PFE,train,Logistic Regression,-29.73,15.5,-45.23,31.59,-42.93,-0.613,7027.04,-0.1948
PFE,train,Random Forest,-11.49,15.5,-26.98,29.46,-32.98,-0.231,8851.15,0.0626
PFE,test,Buy & Hold,2.45,2.12,0.33,48.19,-58.96,0.019,10245.48,0.1375
PFE,test,SMA Crossover,-22.45,2.12,-24.57,21.63,-51.45,-0.372,7755.25,-0.0853
PFE,test,EMA Crossover,-19.78,2.12,-21.9,23.48,-50.07,-0.317,8022.23,-0.0483
PFE,test,SMA + RSI,-33.99,2.12,-36.11,18.75,-43.87,-0.639,6601.22,-0.2191
PFE,test,Bollinger Bands,-4.18,2.12,-6.31,3.22,-11.17,-0.583,9581.73,-0.0334
PFE,test,Logistic Regression,-4.43,-1.76,-2.67,29.39,-42.8,-0.149,9556.88,0.0882
PFE,test,Random Forest,12.73,-1.76,14.5,29.67,-32.85,0.013,11273.46,0.2334
CVS,train,Buy & Hold,-28.44,-28.78,0.35,50.48,-50.09,-0.118,7156.39,0.0339
CVS,train,SMA Crossover,-29.93,-28.78,-1.15,24.93,-53.4,-0.364,7006.74,-0.1021
CVS,train,EMA Crossover,-48.27,-28.78,-19.48,23.56,-58.7,-0.729,5173.35,-0.3371
CVS,train,SMA + RSI,-23.84,-28.78,4.95,21.37,-48.85,-0.31,7616.17,-0.0492
CVS,train,Bollinger Bands,-1.08,-28.78,27.71,4.79,-21.17,-0.078,9892.11,0.1953
CVS,train,Logistic Regression,15.9,-11.76,27.65,26.91,-19.44,0.281,11589.54,0.414
CVS,train,Random Forest,-14.59,-11.76,-2.84,29.75,-27.91,-0.222,8540.66,0.0761
CVS,test,Buy & Hold,99.35,98.4,0.95,52.29,-56.79,0.447,19934.78,0.5518
CVS,test,SMA Crossover,5.6,98.4,-92.8,27.24,-39.29,0.005,10559.72,0.1958
CVS,test,EMA Crossover,33.29,98.4,-65.11,31.83,-42.65,0.195,13328.94,0.3361
CVS,test,SMA + RSI,8.27,98.4,-90.12,21.29,-29.69,0.003,10827.49,0.229
CVS,test,Bollinger Bands,7.73,98.4,-90.67,3.22,-14.8,-0.19,10773.32,0.1761
CVS,test,Logistic Regression,-29.82,70.86,-100.67,27.16,-63.46,-0.356,7018.45,-0.128
CVS,test,Random Forest,-19.18,70.86,-90.04,35.72,-57.04,-0.177,8081.52,0.002
VTRS,train,Buy & Hold,-72.54,-72.64,0.1,50.14,-82.57,-0.361,2746.31,-0.2733
VTRS,train,SMA Crossover,-51.11,-72.64,21.52,21.16,-61.57,-0.44,4888.93,-0.2069
VTRS,train,EMA Crossover,-61.24,-72.64,11.39,16.3,-72.21,-0.681,3875.9,-0.3796
VTRS,train,SMA + RSI,-47.06,-72.64,25.57,18.29,-62.28,-0.435,5293.88,-0.1985
VTRS,train,Bollinger Bands,8.46,-72.64,81.09,4.59,-22.01,0.095,10845.67,0.2984
VTRS,train,Logistic Regression,-0.93,-63.55,62.63,35.27,-44.11,0.134,9907.19,0.2328
VTRS,train,Random Forest,-2.98,-63.55,60.57,34.28,-38.3,0.085,9701.89,0.2216
VTRS,test,Buy & Hold,33.7,31.76,1.94,49.08,-54.33,0.229,13370.02,0.3189
VTRS,test,SMA Crossover,-14.62,31.76,-46.37,25.12,-59.48,-0.113,8538.45,0.0358
VTRS,test,EMA Crossover,-17.68,31.76,-49.43,27.17,-60.85,-0.117,8232.44,0.0236
VTRS,test,SMA + RSI,-18.65,31.76,-50.41,20.19,-51.72,-0.206,8135.07,0.0045
VTRS,test,Bollinger Bands,-39.66,31.76,-71.42,2.87,-41.02,-1.373,6033.8,-0.5889
VTRS,test,Logistic Regression,-19.44,19.36,-38.8,20.89,-52.09,-0.203,8055.98,0.0033
VTRS,test,Random Forest,-4.56,19.36,-23.92,28.83,-28.54,-0.095,9543.8,0.1578
MMM,train,Buy & Hold,22.36,21.63,0.73,53.08,-51.2,0.226,12236.08,0.3041
MMM,train,SMA Crossover,9.47,21.63,-12.16,30.75,-44.66,0.118,10946.84,0.244
MMM,train,EMA Crossover,15.11,21.63,-6.52,31.85,-38.16,0.175,11511.09,0.3032
MMM,train,SMA + RSI,1.27,21.63,-20.36,24.93,-36.01,0.012,10127.0,0.2005
MMM,train,Bollinger Bands,-24.12,21.63,-45.75,3.01,-30.63,-0.754,7588.02,-0.2171
MMM,train,Logistic Regression,-21.72,-21.4,-0.32,42.78,-42.47,-0.286,7828.42,-0.0138
MMM,train,Random Forest,-9.58,-21.4,11.81,45.33,-43.64,-0.085,9041.72,0.1074
MMM,test,Buy & Hold,56.95,56.47,0.48,50.72,-54.07,0.306,15695.03,0.4047
MMM,test,SMA Crossover,5.57,56.47,-50.9,27.79,-43.89,-0.011,10557.24,0.174
MMM,test,EMA Crossover,8.07,56.47,-48.4,29.64,-42.47,0.018,10806.85,0.1977
MMM,test,SMA + RSI,-4.77,56.47,-61.23,23.55,-44.64,-0.126,9523.4,0.0935
MMM,test,Bollinger Bands,-3.38,56.47,-59.85,3.22,-13.07,-0.498,9662.11,0.005
MMM,test,Logistic Regression,61.61,49.76,11.86,39.83,-34.69,0.337,16161.34,0.4876
MMM,test,Random Forest,59.88,49.76,10.12,35.31,-41.0,0.353,15987.68,0.4733
EMR,train,Buy & Hold,36.18,36.33,-0.16,52.19,-50.77,0.298,13617.65,0.369
EMR,train,SMA Crossover,26.63,36.33,-9.7,29.38,-21.13,0.272,12662.94,0.4259
EMR,train,EMA Crossover,-1.08,36.33,-37.41,31.51,-30.98,0.013,9892.24,0.2114
EMR,train,SMA + RSI,30.53,36.33,-5.8,23.63,-17.49,0.321,13053.37,0.4691
EMR,train,Bollinger Bands,-41.61,36.33,-77.94,2.95,-41.76,-1.075,5839.08,-0.446
EMR,train,Logistic Regression,-5.37,8.85,-14.22,37.82,-52.32,0.024,9463.34,0.1443
EMR,train,Random Forest,-29.16,8.85,-38.01,31.87,-54.07,-0.355,7084.34,-0.098
EMR,test,Buy & Hold,165.5,163.32,2.18,52.43,-29.61,0.638,26550.48,0.8612
EMR,test,SMA Crossover,-7.41,163.32,-170.73,29.36,-36.72,-0.13,9258.85,0.11
EMR,test,EMA Crossover,9.34,163.32,-153.98,31.35,-32.6,0.021,10933.95,0.2314
EMR,test,SMA + RSI,-0.34,163.32,-163.66,24.16,-32.3,-0.087,9966.0,0.1589
EMR,test,Bollinger Bands,13.54,163.32,-149.78,4.52,-9.81,-0.076,11354.46,0.2596
EMR,test,Logistic Regression,40.31,129.0,-88.69,37.88,-37.81,0.239,14031.08,0.3867
EMR,test,Random Forest,34.88,129.0,-94.11,36.49,-36.04,0.206,13488.49,0.3646
DOV,train,Buy & Hold,123.08,120.28,2.8,53.49,-45.24,0.594,22308.3,0.7074
DOV,train,SMA Crossover,69.18,120.28,-51.1,34.79,-28.01,0.547,16918.4,0.6278
DOV,train,EMA Crossover,29.38,120.28,-90.9,37.74,-28.22,0.284,12938.28,0.4161
DOV,train,SMA + RSI,85.34,120.28,-34.94,29.73,-32.28,0.678,18533.55,0.7128
DOV,train,Bollinger Bands,-32.19,120.28,-152.47,4.18,-39.18,-0.761,6781.15,-0.2624
DOV,train,Logistic Regression,-2.26,46.24,-48.49,38.39,-42.55,0.02,9774.24,0.1778
DOV,train,Random Forest,41.21,46.24,-5.03,29.6,-37.78,0.571,14120.77,0.5546
DOV,test,Buy & Hold,95.39,94.99,0.4,50.58,-35.56,0.467,19539.08,0.6176
DOV,test,SMA Crossover,1.1,94.99,-93.89,28.13,-30.19,-0.088,10110.05,0.1676
DOV,test,EMA Crossover,32.5,94.99,-62.49,32.72,-22.16,0.188,13249.91,0.3925
DOV,test,SMA + RSI,-12.32,94.99,-107.31,22.38,-30.31,-0.274,8768.04,0.0474
DOV,test,Bollinger Bands,-6.28,94.99,-101.28,3.97,-13.16,-0.549,9371.54,-0.0265
DOV,test,Logistic Regression,71.81,76.32,-4.51,44.36,-24.2,0.4,17181.15,0.571
DOV,test,Random Forest,43.36,76.32,-32.96,38.79,-36.22,0.258,14335.59,0.4071
OKE,train,Buy & Hold,-17.63,-18.7,1.06,52.4,-80.17,0.167,8236.65,0.1077
OKE,train,SMA Crossover,88.64,-18.7,107.34,29.11,-42.57,0.548,18863.89,0.6236
OKE,train,EMA Crossover,30.09,-18.7,48.79,30.68,-38.44,0.273,13008.67,0.3814
OKE,train,SMA + RSI,-21.66,-18.7,-2.97,21.85,-44.94,-0.177,7833.62,0.0334
OKE,train,Bollinger Bands,-29.0,-18.7,-10.31,3.56,-41.78,-0.303,7099.57,-0.0348
OKE,train,Logistic Regression,-52.59,-36.56,-16.03,22.38,-69.83,-0.519,4740.88,-0.2742
OKE,train,Random Forest,-67.51,-36.56,-30.95,24.36,-68.36,-0.931,3248.83,-0.5056
OKE,test,Buy & Hold,375.33,370.8,4.53,54.48,-42.17,0.941,47532.82,1.3946
OKE,test,SMA Crossover,182.05,370.8,-188.75,34.7,-35.45,0.793,28204.68,0.9542
OKE,test,EMA Crossover,153.17,370.8,-217.63,38.06,-42.94,0.639,25316.67,0.797
OKE,test,SMA + RSI,182.88,370.8,-187.92,30.05,-32.38,0.849,28287.98,0.9931
OKE,test,Bollinger Bands,18.59,370.8,-352.21,3.35,-15.12,0.022,11858.92,0.3028
OKE,test,Logistic Regression,58.28,250.42,-192.14,34.26,-30.56,0.335,15827.93,0.4924
OKE,test,Random Forest,259.94,250.42,9.52,39.14,-30.36,1.013,35994.09,1.2353
DOW,train,Buy & Hold,24.08,24.62,-0.54,50.16,-60.87,0.328,12408.38,0.3296
DOW,train,SMA Crossover,33.48,24.62,8.86,28.68,-40.99,0.393,13347.92,0.4405
DOW,train,EMA Crossover,30.18,24.62,5.56,27.28,-29.26,0.373,13017.89,0.4591
DOW,train,SMA + RSI,19.97,24.62,-4.65,25.89,-33.6,0.288,11997.36,0.3831
DOW,train,Bollinger Bands,-46.05,24.62,-70.67,3.22,-47.29,-1.236,5394.8,-0.552
DOW,train,Logistic Regression,31.86,-10.27,42.12,35.6,-22.25,0.75,13185.53,0.672
DOW,train,Random Forest,13.85,-10.27,24.12,31.07,-12.7,0.441,11385.19,0.5101
DOW,test,Buy & Hold,-24.5,-23.32,-1.18,48.55,-62.16,-0.162,7550.06,-0.0165
DOW,test,SMA Crossover,-7.09,-23.32,16.23,19.76,-42.33,-0.205,9290.92,0.0563
DOW,test,EMA Crossover,34.52,-23.32,57.84,22.02,-27.12,0.281,13452.31,0.4282
DOW,test,SMA + RSI,-1.32,-23.32,22.0,17.94,-35.92,-0.171,9867.99,0.1041
DOW,test,Bollinger Bands,-28.18,-23.32,-4.87,3.33,-32.68,-1.254,7181.62,-0.4814
DOW,test,Logistic Regression,-49.7,-25.63,-24.07,25.14,-62.14,-0.83,5029.67,-0.4008
DOW,test,Random Forest,-72.92,-25.63,-47.29,25.8,-76.73,-1.563,2707.54,-0.8575
LYB,train,Buy & Hold,24.06,22.14,1.92,51.03,-68.17,0.265,12405.82,0.2761
LYB,train,SMA Crossover,64.82,22.14,42.68,29.25,-29.79,0.458,16481.58,0.5693
LYB,train,EMA Crossover,5.04,22.14,-17.1,29.04,-45.48,0.101,10504.02,0.2241
LYB,train,SMA + RSI,50.27,22.14,28.13,24.66,-30.32,0.41,15026.81,0.5146
LYB,train,Bollinger Bands,-33.53,22.14,-55.66,3.97,-48.0,-0.491,6647.43,-0.1566
LYB,train,Logistic Regression,-29.06,-20.27,-8.79,30.17,-61.33,-0.354,7093.93,-0.1191
LYB,train,Random Forest,-20.78,-20.27,-0.51,36.12,-63.17,-0.122,7921.5,0.0079
LYB,test,Buy & Hold,20.2,19.24,0.96,48.8,-55.35,0.171,12019.92,0.2598
LYB,test,SMA Crossover,-2.21,19.24,-21.45,26.15,-47.17,-0.025,9778.72,0.1416
LYB,test,EMA Crossover,49.49,19.24,30.25,24.71,-34.19,0.283,14948.55,0.4379
LYB,test,SMA + RSI,12.29,19.24,-6.95,23.68,-40.21,0.055,11229.45,0.2314
LYB,test,Bollinger Bands,1.55,19.24,-17.69,3.7,-15.96,-0.237,10155.19,0.1367
LYB,test,Logistic Regression,66.72,2.15,64.57,32.31,-32.52,0.361,16672.43,0.5164
LYB,test,Random Forest,44.54,2.15,42.39,33.77,-53.63,0.259,14454.25,0.3577
MOS,train,Buy & Hold,-53.03,-53.38,0.35,49.73,-85.45,-0.079,4696.68,-0.1019
MOS,train,SMA Crossover,-8.38,-53.38,45.0,23.9,-53.93,0.051,9161.98,0.147
MOS,train,EMA Crossover,-36.32,-53.38,17.06,21.1,-61.85,-0.228,6368.05,-0.0722
MOS,train,SMA + RSI,46.89,-53.38,100.27,22.12,-43.79,0.351,14689.07,0.4379
MOS,train,Bollinger Bands,-52.44,-53.38,0.94,3.84,-55.46,-0.99,4755.62,-0.4663
MOS,train,Logistic Regression,-48.9,-24.07,-24.83,23.51,-69.86,-0.494,5109.72,-0.2544
MOS,train,Random Forest,12.93,-24.07,37.0,30.59,-57.02,0.265,11293.33,0.2873
MOS,test,Buy & Hold,31.67,30.05,1.61,50.24,-71.6,0.254,13166.52,0.2755
MOS,test,SMA Crossover,18.48,30.05,-11.57,23.96,-63.36,0.147,11848.2,0.2204
MOS,test,EMA Crossover,-28.93,30.05,-58.98,21.56,-78.37,-0.142,7106.8,-0.064
MOS,test,SMA + RSI,7.79,30.05,-22.27,19.99,-64.37,0.072,10778.5,0.1585
MOS,test,Bollinger Bands,32.44,30.05,2.38,3.49,-13.05,0.244,13243.78,0.4477
MOS,test,Logistic Regression,33.88,5.7,28.18,27.65,-45.0,0.208,13388.43,0.3368
MOS,test,Random Forest,-63.89,5.7,-69.59,29.87,-78.7,-0.584,3610.81,-0.3559
NEM,train,Buy & Hold,243.45,246.64,-3.19,51.71,-43.7,0.729,34344.7,1.0203
NEM,train,SMA Crossover,39.33,246.64,-207.31,29.32,-34.79,0.311,13932.54,0.4298
NEM,train,EMA Crossover,82.26,246.64,-164.38,33.01,-42.36,0.464,18226.29,0.5694
NEM,train,SMA + RSI,20.02,246.64,-226.62,24.59,-38.5,0.216,12001.92,0.3325
NEM,train,Bollinger Bands,2.75,246.64,-243.89,2.67,-19.68,0.007,10274.67,0.25
NEM,train,Logistic Regression,33.71,75.88,-42.17,32.01,-21.55,0.466,13371.33,0.5358
NEM,train,Random Forest,14.31,75.88,-61.58,33.71,-36.46,0.257,11430.54,0.3477
NEM,test,Buy & Hold,125.98,127.86,-1.89,50.72,-62.4,0.482,22597.53,0.6058
NEM,test,SMA Crossover,95.71,127.86,-32.15,28.82,-49.33,0.444,19571.06,0.5654
NEM,test,EMA Crossover,36.47,127.86,-91.39,27.65,-41.21,0.224,13647.3,0.3613
NEM,test,SMA + RSI,118.78,127.86,-9.08,23.41,-44.99,0.545,21878.2,0.6751
NEM,test,Bollinger Bands,10.99,127.86,-116.87,3.22,-12.66,-0.127,11099.07,0.2205
NEM,test,Logistic Regression,236.94,145.17,91.77,29.67,-48.12,0.828,33693.8,1.0435
NEM,test,Random Forest,10.57,145.17,-134.6,31.82,-54.68,0.084,11057.25,0.1991
O,train,Buy & Hold,55.15,55.07,0.08,54.52,-48.28,0.378,15515.45,0.4545
O,train,SMA Crossover,34.68,55.07,-20.39,33.42,-29.74,0.322,13468.03,0.4411
O,train,EMA Crossover,22.1,55.07,-32.97,37.26,-31.36,0.23,12210.42,0.3651
O,train,SMA + RSI,30.32,55.07,-24.75,27.74,-28.86,0.305,13032.23,0.4266
O,train,Bollinger Bands,-14.3,55.07,-69.37,4.66,-32.74,-0.238,8569.82,0.0542
O,train,Logistic Regression,-20.67,16.11,-36.78,41.36,-52.03,-0.229,7933.1,-0.0119
O,train,Random Forest,-16.24,16.11,-32.36,37.82,-50.0,-0.115,8375.58,0.06
O,test,Buy & Hold,47.14,46.98,0.15,51.81,-34.47,0.282,14713.55,0.4319
O,test,SMA Crossover,-18.69,46.98,-65.67,29.57,-35.36,-0.404,8131.31,-0.0455
O,test,EMA Crossover,8.0,46.98,-38.98,32.51,-23.65,-0.045,10800.3,0.2226
O,test,SMA + RSI,-13.17,46.98,-60.16,25.05,-30.48,-0.357,8682.65,0.0037
O,test,Bollinger Bands,-3.18,46.98,-50.16,3.7,-10.89,-0.689,9682.32,-0.0835
O,test,Logistic Regression,12.41,39.91,-27.5,44.92,-37.75,0.02,11241.22,0.2216
O,test,Random Forest,20.91,39.91,-19.0,40.53,-27.61,0.09,12091.12,0.304
VTR,train,Buy & Hold,-32.8,-33.34,0.54,53.97,-76.92,0.017,6720.12,0.0121
VTR,train,SMA Crossover,-36.06,-33.34,-2.72,29.93,-47.23,-0.257,6394.13,-0.0423
VTR,train,EMA Crossover,-28.43,-33.34,4.92,28.84,-46.38,-0.197,7157.28,0.0055
VTR,train,SMA + RSI,-31.87,-33.34,1.48,24.52,-48.11,-0.26,6813.49,-0.0381
VTR,train,Bollinger Bands,-42.94,-33.34,-9.6,4.73,-45.67,-0.78,5706.05,-0.3129
VTR,train,Logistic Regression,29.68,-19.53,49.21,46.46,-37.33,0.396,12967.62,0.4454
VTR,train,Random Forest,10.9,-19.53,30.43,44.76,-54.87,0.262,11089.5,0.2882
VTR,test,Buy & Hold,168.4,166.28,2.12,52.57,-41.8,0.653,26839.93,0.8379
VTR,test,SMA Crossover,64.52,166.28,-101.76,30.25,-29.47,0.396,16452.2,0.5386
VTR,test,EMA Crossover,67.63,166.28,-98.64,34.22,-30.55,0.402,16763.4,0.5446
VTR,test,SMA + RSI,16.14,166.28,-150.13,23.27,-29.02,0.049,11614.44,0.2697
VTR,test,Bollinger Bands,-17.23,166.28,-183.51,3.9,-28.85,-0.887,8276.54,-0.2645
VTR,test,Logistic Regression,126.27,120.42,5.86,45.89,-38.33,0.613,22627.27,0.744
VTR,test,Random Forest,4.95,120.42,-115.47,37.67,-46.3,-0.025,10494.8,0.1585
KIM,train,Buy & Hold,-42.08,-42.07,-0.01,51.44,-69.52,-0.123,5792.04,-0.0542
KIM,train,SMA Crossover,36.09,-42.07,78.16,25.75,-39.53,0.321,13608.83,0.4141
KIM,train,EMA Crossover,-29.11,-42.07,12.96,26.92,-49.35,-0.318,7088.57,-0.0653
KIM,train,SMA + RSI,8.5,-42.07,50.57,21.78,-33.32,0.111,10850.01,0.2725
KIM,train,Bollinger Bands,-7.14,-42.07,34.94,4.86,-20.43,-0.185,9286.37,0.1319
KIM,train,Logistic Regression,15.82,-28.83,44.65,38.39,-53.34,0.286,11582.36,0.3146
KIM,train,Random Forest,-3.46,-28.83,25.37,34.84,-46.8,0.094,9654.4,0.1997
KIM,test,Buy & Hold,182.65,181.52,1.13,51.68,-33.61,0.64,28264.96,0.8845
KIM,test,SMA Crossover,85.69,181.52,-95.82,32.1,-31.02,0.499,18569.29,0.6278
KIM,test,EMA Crossover,67.15,181.52,-114.37,35.52,-31.34,0.378,16714.93,0.5293
KIM,test,SMA + RSI,59.96,181.52,-121.56,27.86,-35.77,0.385,15995.6,0.5051
KIM,test,Bollinger Bands,-2.62,181.52,-184.14,3.42,-22.19,-0.421,9738.17,0.0177
KIM,test,Logistic Regression,57.0,102.52,-45.52,33.22,-33.68,0.341,15699.53,0.4835
KIM,test,Random Forest,38.37,102.52,-64.15,30.08,-33.0,0.232,13836.79,0.3937
BXP,train,Buy & Hold,-31.87,-31.53,-0.34,51.99,-48.76,-0.135,6812.99,0.0225
BXP,train,SMA Crossover,-34.17,-31.53,-2.64,24.93,-41.25,-0.513,6583.48,-0.1486
BXP,train,EMA Crossover,-15.81,-31.53,15.72,27.81,-31.01,-0.241,8419.37,0.0548
BXP,train,SMA + RSI,-20.39,-31.53,11.14,21.78,-32.43,-0.305,7960.88,0.0094
BXP,train,Bollinger Bands,-28.12,-31.53,3.41,4.25,-31.93,-0.663,7188.31,-0.1835
BXP,train,Logistic Regression,-7.36,-35.91,28.55,42.21,-32.18,-0.02,9263.87,0.1787
BXP,train,Random Forest,-44.12,-35.91,-8.2,33.57,-45.67,-0.698,5588.37,-0.2742
BXP,test,Buy & Hold,20.66,19.99,0.67,50.92,-62.57,0.172,12065.75,0.2396
BXP,test,SMA Crossover,51.77,19.99,31.79,23.75,-21.01,0.308,15177.36,0.4945
BXP,test,EMA Crossover,44.39,19.99,24.4,27.1,-31.89,0.259,14438.97,0.4226
BXP,test,SMA + RSI,49.61,19.99,29.62,19.99,-27.85,0.315,14960.51,0.4732
BXP,test,Bollinger Bands,-12.74,19.99,-32.73,3.9,-22.68,-0.681,8725.75,-0.134
BXP,test,Logistic Regression,-60.84,-12.52,-48.32,35.52,-69.23,-0.666,3916.11,-0.3624
BXP,test,Random Forest,-47.15,-12.52,-34.63,26.81,-55.05,-0.573,5284.96,-0.2459
HST,train,Buy & Hold,-42.05,-42.34,0.29,50.14,-55.04,-0.146,5794.82,-0.0222
HST,train,SMA Crossover,-10.34,-42.34,32.0,23.9,-32.23,-0.067,8966.42,0.1491
HST,train,EMA Crossover,-49.39,-42.34,-7.05,24.18,-53.57,-0.673,5060.66,-0.296
HST,train,SMA + RSI,-5.2,-42.34,37.14,21.58,-20.91,-0.039,9479.72,0.2074
HST,train,Bollinger Bands,-20.62,-42.34,21.72,4.11,-26.1,-0.442,7938.01,-0.0405
HST,train,Logistic Regression,-29.25,-39.99,10.74,34.56,-52.98,-0.243,7074.92,-0.0389
HST,train,Random Forest,-28.34,-39.99,11.65,35.41,-45.51,-0.236,7166.09,-0.0112
HST,test,Buy & Hold,160.85,169.7,-8.85,50.99,-36.03,0.565,26085.28,0.7961
HST,test,SMA Crossover,-18.84,169.7,-188.54,30.94,-53.66,-0.174,8115.81,0.0143
HST,test,EMA Crossover,52.5,169.7,-117.2,34.84,-45.92,0.286,15250.33,0.4102
HST,test,SMA + RSI,-19.45,169.7,-189.15,27.24,-51.68,-0.206,8055.32,0.0031
HST,test,Bollinger Bands,21.02,169.7,-148.68,3.97,-10.28,0.067,12101.61,0.3447
HST,test,Logistic Regression,91.38,96.05,-4.67,34.47,-28.95,0.463,19137.89,0.6274
HST,test,Random Forest,5.75,96.05,-90.29,33.22,-49.57,0.009,10575.14,0.1673
F,train,Buy & Hold,-31.44,-32.47,1.04,48.49,-67.26,-0.076,6856.47,-0.0027
F,train,SMA Crossover,-16.14,-32.47,16.34,24.32,-43.85,-0.107,8386.41,0.0827
F,train,EMA Crossover,-26.46,-32.47,6.01,23.77,-45.65,-0.247,7353.5,-0.0134
F,train,SMA + RSI,-1.66,-32.47,30.81,20.82,-33.6,0.001,9833.94,0.1964
F,train,Bollinger Bands,-17.03,-32.47,15.44,3.29,-30.4,-0.489,8296.78,-0.0698
F,train,Logistic Regression,-37.7,-29.36,-8.34,22.24,-55.6,-0.555,6229.98,-0.2197
F,train,Random Forest,-14.71,-29.36,14.65,34.56,-56.71,-0.155,8528.97,0.0229
F,test,Buy & Hold,152.07,153.17,-1.1,50.31,-56.51,0.524,25206.69,0.6966
F,test,SMA Crossover,42.06,153.17,-111.11,28.06,-66.44,0.249,14206.32,0.3093
F,test,EMA Crossover,9.31,153.17,-143.86,29.16,-69.19,0.1,10931.32,0.161
F,test,SMA + RSI,-22.12,153.17,-175.29,22.52,-70.12,-0.149,7788.15,-0.0291
F,test,Bollinger Bands,-17.64,153.17,-170.81,2.94,-34.84,-0.765,8236.18,-0.2223
F,test,Logistic Regression,51.03,107.36,-56.33,17.2,-43.37,0.299,15102.98,0.4214
F,test,Random Forest,-7.95,107.36,-115.31,24.16,-53.32,-0.066,9205.29,0.0911
LEG,train,Buy & Hold,27.44,26.57,0.87,52.67,-58.48,0.266,12744.41,0.3124
LEG,train,SMA Crossover,66.85,26.57,40.28,29.93,-28.46,0.484,16685.3,0.5903
LEG,train,EMA Crossover,16.98,26.57,-9.59,31.85,-36.6,0.187,11698.03,0.3177
LEG,train,SMA + RSI,47.4,26.57,20.83,25.0,-35.2,0.406,14740.01,0.4922
LEG,train,Bollinger Bands,-0.22,26.57,-26.79,4.66,-26.8,-0.035,9977.65,0.2017
LEG,train,Logistic Regression,23.94,2.7,21.24,34.84,-47.05,0.354,12394.29,0.3837
LEG,train,Random Forest,8.89,2.7,6.18,35.55,-56.77,0.215,10888.53,0.255
LEG,test,Buy & Hold,-72.51,-72.52,0.01,45.93,-86.41,-0.405,2749.3,-0.3068
LEG,test,SMA Crossover,-55.58,-72.52,16.94,16.97,-63.82,-0.634,4441.85,-0.3196
LEG,test,EMA Crossover,-57.91,-72.52,14.6,15.33,-67.3,-0.716,4208.61,-0.3757
LEG,test,SMA + RSI,-58.67,-72.52,13.84,14.78,-64.31,-0.803,4132.51,-0.4118
LEG,test,Bollinger Bands,12.79,-72.52,85.31,5.13,-15.25,-0.053,11279.22,0.2533
LEG,test,Logistic Regression,-72.68,-72.68,-0.01,40.53,-85.69,-0.479,2731.53,-0.3419
LEG,test,Random Forest,-74.78,-72.68,-2.1,39.42,-82.67,-0.593,2522.31,-0.3941
INTC,train,Buy & Hold,76.29,75.6,0.69,52.4,-34.53,0.438,17628.52,0.568
INTC,train,SMA Crossover,47.02,75.6,-28.58,32.12,-27.42,0.38,14701.58,0.5018
INTC,train,EMA Crossover,3.72,75.6,-71.87,30.89,-31.62,0.095,10372.24,0.2601
INTC,train,SMA + RSI,65.59,75.6,-10.01,25.89,-22.0,0.511,16558.66,0.6207
INTC,train,Bollinger Bands,-15.86,75.6,-91.46,3.7,-17.76,-0.292,8413.91,0.069
INTC,train,Logistic Regression,-1.57,26.41,-27.98,32.29,-29.74,0.037,9843.03,0.2261
INTC,train,Random Forest,-41.37,26.41,-67.78,33.85,-52.15,-0.724,5862.69,-0.3012
INTC,test,Buy & Hold,114.81,113.75,1.06,49.62,-70.8,0.453,21480.88,0.5437
INTC,test,SMA Crossover,-13.51,113.75,-127.26,25.33,-78.65,0.067,8648.81,0.0705
INTC,test,EMA Crossover,21.81,113.75,-91.94,23.41,-71.7,0.205,12181.32,0.231
INTC,test,SMA + RSI,-54.08,113.75,-167.83,21.29,-72.77,-0.317,4591.52,-0.185
INTC,test,Bollinger Bands,12.24,113.75,-101.51,3.22,-22.67,-0.026,11224.44,0.2435
INTC,test,Logistic Regression,144.6,141.19,3.42,31.89,-56.24,0.551,24460.26,0.696
INTC,test,Random Forest,23.97,141.19,-117.22,31.62,-39.7,0.171,12397.02,0.3143
