Ticker,Model,WindowEnd,RSI_Trigger,Trail,Base_Sharpe,New_Sharpe,Delta_Sharpe,Legacy_Sharpe,Legacy_Delta,Base_Return,New_Return,Base_MaxDD,New_MaxDD,Delta_MaxDD,Days_Held,Legacy_Days_Held
NVDA,LR,2024-01-01,0,0.08,0.911,1.239,0.328,1.367,0.456,236.98,660.74,-56.9,-62.05,-5.15,527,823
NVDA,LR,2024-01-01,0,0.12,0.911,1.411,0.5,1.367,0.456,236.98,1157.74,-56.9,-65.09,-8.19,689,842
NVDA,LR,2024-01-01,0,0.15,0.911,1.388,0.477,1.367,0.456,236.98,1152.97,-56.9,-65.09,-8.19,790,855
NVDA,LR,2024-01-01,0,0.2,0.911,1.443,0.532,1.367,0.456,236.98,1397.82,-56.9,-67.05,-10.15,836,891
NVDA,LR,2024-01-01,50,0.08,0.911,0.942,0.031,1.26,0.349,236.98,300.92,-56.9,-62.05,-5.15,423,546
NVDA,LR,2024-01-01,50,0.12,0.911,1.195,0.284,1.225,0.314,236.98,637.09,-56.9,-62.71,-5.81,592,601
NVDA,LR,2024-01-01,50,0.15,0.911,1.412,0.501,1.478,0.567,236.98,1211.63,-56.9,-65.09,-8.19,755,758
NVDA,LR,2024-01-01,50,0.2,0.911,1.438,0.527,1.438,0.527,236.98,1376.49,-56.9,-67.05,-10.15,827,827
NVDA,LR,2024-01-01,55,0.08,0.911,0.972,0.061,0.982,0.071,236.98,303.48,-56.9,-62.05,-5.15,292,298
NVDA,LR,2024-01-01,55,0.12,0.911,0.936,0.025,0.996,0.085,236.98,279.85,-56.9,-62.71,-5.81,342,346
NVDA,LR,2024-01-01,55,0.15,0.911,1.069,0.158,1.146,0.235,236.98,419.03,-56.9,-65.09,-8.19,454,457
NVDA,LR,2024-01-01,55,0.2,0.911,1.101,0.19,1.101,0.19,236.98,489.88,-56.9,-67.05,-10.15,599,599
NVDA,LR,2024-01-01,60,0.08,0.911,1.058,0.147,0.982,0.071,236.98,370.14,-56.9,-62.05,-5.15,286,298
NVDA,LR,2024-01-01,60,0.12,0.911,1.021,0.11,0.996,0.085,236.98,342.6,-56.9,-62.71,-5.81,336,346
NVDA,LR,2024-01-01,60,0.15,0.911,1.15,0.239,1.15,0.239,236.98,504.78,-56.9,-65.09,-8.19,445,445
NVDA,LR,2024-01-01,60,0.2,0.911,1.101,0.19,1.101,0.19,236.98,489.88,-56.9,-67.05,-10.15,599,599
NVDA,LR,2024-01-01,65,0.08,0.911,1.067,0.156,1.017,0.106,236.98,377.2,-56.9,-62.05,-5.15,239,241
NVDA,LR,2024-01-01,65,0.12,0.911,1.031,0.12,1.031,0.12,236.98,349.26,-56.9,-62.71,-5.81,289,289
NVDA,LR,2024-01-01,65,0.15,0.911,1.159,0.248,1.159,0.248,236.98,513.87,-56.9,-65.09,-8.19,398,398
NVDA,LR,2024-01-01,65,0.2,0.911,1.109,0.198,1.109,0.198,236.98,498.75,-56.9,-67.05,-10.15,552,552
NVDA,RF,2024-01-01,0,0.08,1.028,1.478,0.45,1.367,0.339,295.76,1378.07,-50.69,-66.15,-15.46,850,983
NVDA,RF,2024-01-01,0,0.12,1.028,1.346,0.318,1.367,0.339,295.76,1036.05,-50.69,-70.46,-19.77,900,999
NVDA,RF,2024-01-01,0,0.15,1.028,1.295,0.267,1.367,0.339,295.76,920.03,-50.69,-71.89,-21.2,924,1022
NVDA,RF,2024-01-01,0,0.2,1.028,1.288,0.26,1.367,0.339,295.76,908.87,-50.69,-73.76,-23.07,971,1062
NVDA,RF,2024-01-01,50,0.08,1.028,1.48,0.452,1.419,0.391,295.76,1279.72,-50.69,-57.41,-6.72,719,726
NVDA,RF,2024-01-01,50,0.12,1.028,1.259,0.231,1.259,0.231,295.76,804.28,-50.69,-67.6,-16.91,793,793
NVDA,RF,2024-01-01,50,0.15,1.028,1.28,0.252,1.28,0.252,295.76,852.27,-50.69,-69.82,-19.13,859,859
NVDA,RF,2024-01-01,50,0.2,1.028,1.283,0.255,1.283,0.255,295.76,871.85,-50.69,-70.86,-20.17,922,922
NVDA,RF,2024-01-01,55,0.08,1.028,1.533,0.505,1.478,0.45,295.76,1417.88,-50.69,-58.43,-7.74,607,612
NVDA,RF,2024-01-01,55,0.12,1.028,1.381,0.353,1.381,0.353,295.76,1056.58,-50.69,-63.94,-13.25,686,686
NVDA,RF,2024-01-01,55,0.15,1.028,1.394,0.366,1.394,0.366,295.76,1097.18,-50.69,-63.94,-13.25,809,809
NVDA,RF,2024-01-01,55,0.2,1.028,1.33,0.302,1.33,0.302,295.76,968.2,-50.69,-69.53,-18.84,893,893
NVDA,RF,2024-01-01,60,0.08,1.028,1.54,0.512,1.54,0.512,295.76,1425.5,-50.69,-58.4,-7.71,585,585
NVDA,RF,2024-01-01,60,0.12,1.028,1.346,0.318,1.346,0.318,295.76,967.46,-50.69,-63.94,-13.25,668,668
NVDA,RF,2024-01-01,60,0.15,1.028,1.35,0.322,1.35,0.322,295.76,986.0,-50.69,-63.94,-13.25,796,796
NVDA,RF,2024-01-01,60,0.2,1.028,1.332,0.304,1.332,0.304,295.76,974.55,-50.69,-69.53,-18.84,885,885
NVDA,RF,2024-01-01,65,0.08,1.028,1.468,0.44,1.468,0.44,295.76,1188.29,-50.69,-56.98,-6.29,543,543
NVDA,RF,2024-01-01,65,0.12,1.028,1.339,0.311,1.339,0.311,295.76,938.63,-50.69,-65.06,-14.37,654,654
NVDA,RF,2024-01-01,65,0.15,1.028,1.343,0.315,1.343,0.315,295.76,956.68,-50.69,-65.06,-14.37,781,781
NVDA,RF,2024-01-01,65,0.2,1.028,1.346,0.318,1.346,0.318,295.76,983.52,-50.69,-69.4,-18.71,862,862
NVDA,LR,2023-01-01,0,0.08,0.659,0.849,0.19,0.957,0.298,107.92,212.01,-56.96,-63.58,-6.62,571,687
NVDA,LR,2023-01-01,0,0.12,0.659,0.856,0.197,0.957,0.298,107.92,223.77,-56.96,-63.58,-6.62,621,705
NVDA,LR,2023-01-01,0,0.15,0.659,0.861,0.202,0.957,0.298,107.92,229.29,-56.96,-62.81,-5.85,672,717
NVDA,LR,2023-01-01,0,0.2,0.659,1.033,0.374,0.957,0.298,107.92,370.53,-56.96,-62.68,-5.72,790,813
NVDA,LR,2023-01-01,50,0.08,0.659,0.59,-0.069,0.75,0.091,107.92,90.48,-56.96,-63.01,-6.05,451,476
NVDA,LR,2023-01-01,50,0.12,0.659,0.668,0.009,0.746,0.087,107.92,120.5,-56.96,-63.01,-6.05,481,506
NVDA,LR,2023-01-01,50,0.15,0.659,0.948,0.289,1.056,0.397,107.92,280.73,-56.96,-63.01,-6.05,607,619
NVDA,LR,2023-01-01,50,0.2,0.659,1.059,0.4,1.059,0.4,107.92,384.68,-56.96,-63.01,-6.05,685,685
NVDA,LR,2023-01-01,55,0.08,0.659,0.657,-0.002,0.703,0.044,107.92,114.25,-56.96,-63.01,-6.05,362,374
NVDA,LR,2023-01-01,55,0.12,0.659,0.618,-0.041,0.714,0.055,107.92,99.96,-56.96,-63.01,-6.05,381,391
NVDA,LR,2023-01-01,55,0.15,0.659,0.823,0.164,0.934,0.275,107.92,196.35,-56.96,-63.01,-6.05,555,567
NVDA,LR,2023-01-01,55,0.2,0.659,0.939,0.28,0.939,0.28,107.92,277.25,-56.96,-63.01,-6.05,618,618
NVDA,LR,2023-01-01,60,0.08,0.659,0.738,0.079,0.782,0.123,107.92,145.94,-56.96,-63.01,-6.05,355,367
NVDA,LR,2023-01-01,60,0.12,0.659,0.698,0.039,0.793,0.134,107.92,129.54,-56.96,-63.01,-6.05,374,384
NVDA,LR,2023-01-01,60,0.15,0.659,0.823,0.164,0.823,0.164,107.92,196.35,-56.96,-63.01,-6.05,555,555
NVDA,LR,2023-01-01,60,0.2,0.659,0.939,0.28,0.939,0.28,107.92,277.25,-56.96,-63.01,-6.05,618,618
NVDA,LR,2023-01-01,65,0.08,0.659,0.681,0.022,0.629,-0.03,107.92,120.52,-56.96,-63.01,-6.05,267,269
NVDA,LR,2023-01-01,65,0.12,0.659,0.663,0.004,0.663,0.004,107.92,113.86,-56.96,-63.01,-6.05,283,283
NVDA,LR,2023-01-01,65,0.15,0.659,0.605,-0.054,0.605,-0.054,107.92,93.55,-56.96,-63.01,-6.05,289,289
NVDA,LR,2023-01-01,65,0.2,0.659,0.933,0.274,0.933,0.274,107.92,271.85,-56.96,-63.01,-6.05,589,589
NVDA,RF,2023-01-01,0,0.08,0.55,0.976,0.426,0.957,0.407,71.12,310.8,-61.36,-65.42,-4.06,747,834
NVDA,RF,2023-01-01,0,0.12,0.55,0.915,0.365,0.957,0.407,71.12,266.29,-61.36,-66.49,-5.13,779,860
NVDA,RF,2023-01-01,0,0.15,0.55,0.925,0.375,0.957,0.407,71.12,275.89,-61.36,-61.82,-0.46,799,882
NVDA,RF,2023-01-01,0,0.2,0.55,0.911,0.361,0.957,0.407,71.12,263.57,-61.36,-66.74,-5.38,837,930
NVDA,RF,2023-01-01,50,0.08,0.55,0.795,0.245,0.739,0.189,71.12,176.14,-61.36,-70.1,-8.74,609,616
NVDA,RF,2023-01-01,50,0.12,0.55,0.709,0.159,0.709,0.159,71.12,137.41,-61.36,-70.55,-9.19,646,646
NVDA,RF,2023-01-01,50,0.15,0.55,0.792,0.242,0.792,0.242,71.12,176.97,-61.36,-70.55,-9.19,683,683
NVDA,RF,2023-01-01,50,0.2,0.55,0.76,0.21,0.76,0.21,71.12,165.43,-61.36,-73.49,-12.13,749,749
NVDA,RF,2023-01-01,55,0.08,0.55,0.853,0.303,0.805,0.255,71.12,204.51,-61.36,-70.1,-8.74,523,528
NVDA,RF,2023-01-01,55,0.12,0.55,0.767,0.217,0.767,0.217,71.12,161.8,-61.36,-70.55,-9.19,558,558
NVDA,RF,2023-01-01,55,0.15,0.55,0.799,0.249,0.799,0.249,71.12,179.36,-61.36,-70.55,-9.19,646,646
NVDA,RF,2023-01-01,55,0.2,0.55,0.818,0.268,0.818,0.268,71.12,194.98,-61.36,-73.49,-12.13,728,728
NVDA,RF,2023-01-01,60,0.08,0.55,0.833,0.283,0.833,0.283,71.12,192.38,-61.36,-68.24,-6.88,493,493
NVDA,RF,2023-01-01,60,0.12,0.55,0.711,0.161,0.711,0.161,71.12,136.36,-61.36,-70.55,-9.19,532,532
NVDA,RF,2023-01-01,60,0.15,0.55,0.752,0.202,0.752,0.202,71.12,155.58,-61.36,-70.55,-9.19,634,634
NVDA,RF,2023-01-01,60,0.2,0.55,0.818,0.268,0.818,0.268,71.12,194.98,-61.36,-73.49,-12.13,728,728
NVDA,RF,2023-01-01,65,0.08,0.55,0.75,0.2,0.75,0.2,71.12,151.3,-61.36,-65.75,-4.39,467,467
NVDA,RF,2023-01-01,65,0.12,0.55,0.711,0.161,0.711,0.161,71.12,136.36,-61.36,-70.55,-9.19,532,532
NVDA,RF,2023-01-01,65,0.15,0.55,0.752,0.202,0.752,0.202,71.12,155.58,-61.36,-70.55,-9.19,634,634
NVDA,RF,2023-01-01,65,0.2,0.55,0.818,0.268,0.818,0.268,71.12,194.98,-61.36,-73.49,-12.13,728,728
NVDA,LR,2022-01-01,0,0.08,0.868,1.051,0.183,1.11,0.242,135.42,252.26,-49.37,-60.35,-10.98,544,666
NVDA,LR,2022-01-01,0,0.12,0.868,0.96,0.092,1.11,0.242,135.42,211.32,-49.37,-60.35,-10.98,570,665
NVDA,LR,2022-01-01,0,0.15,0.868,0.939,0.071,1.11,0.242,135.42,206.18,-49.37,-60.35,-10.98,635,696
NVDA,LR,2022-01-01,0,0.2,0.868,1.093,0.225,1.11,0.242,135.42,305.95,-49.37,-60.35,-10.98,699,748
NVDA,LR,2022-01-01,50,0.08,0.868,0.758,-0.11,0.809,-0.059,135.42,120.93,-49.37,-60.35,-10.98,476,482
NVDA,LR,2022-01-01,50,0.12,0.868,0.679,-0.189,0.761,-0.107,135.42,96.99,-49.37,-60.35,-10.98,496,514
NVDA,LR,2022-01-01,50,0.15,0.868,0.939,0.071,1.067,0.199,135.42,206.18,-49.37,-60.35,-10.98,635,638
NVDA,LR,2022-01-01,50,0.2,0.868,1.093,0.225,1.093,0.225,135.42,305.95,-49.37,-60.35,-10.98,699,699
NVDA,LR,2022-01-01,55,0.08,0.868,0.895,0.027,0.943,0.075,135.42,166.95,-49.37,-60.35,-10.98,402,408
NVDA,LR,2022-01-01,55,0.12,0.868,0.819,-0.049,0.93,0.062,135.42,139.79,-49.37,-60.35,-10.98,418,422
NVDA,LR,2022-01-01,55,0.15,0.868,0.855,-0.013,0.986,0.118,135.42,164.59,-49.37,-60.35,-10.98,593,596
NVDA,LR,2022-01-01,55,0.2,0.868,1.122,0.254,1.122,0.254,135.42,325.19,-49.37,-60.35,-10.98,697,697
NVDA,LR,2022-01-01,60,0.08,0.868,1.004,0.136,0.943,0.075,135.42,211.05,-49.37,-60.35,-10.98,396,408
NVDA,LR,2022-01-01,60,0.12,0.868,0.927,0.059,0.93,0.062,135.42,179.4,-49.37,-60.35,-10.98,412,422
NVDA,LR,2022-01-01,60,0.15,0.868,0.956,0.088,0.956,0.088,135.42,208.3,-49.37,-60.35,-10.98,584,584
NVDA,LR,2022-01-01,60,0.2,0.868,1.122,0.254,1.122,0.254,135.42,325.19,-49.37,-60.35,-10.98,697,697
NVDA,LR,2022-01-01,65,0.08,0.868,0.952,0.084,0.887,0.019,135.42,185.51,-49.37,-60.35,-10.98,341,343
NVDA,LR,2022-01-01,65,0.12,0.868,0.874,0.006,0.874,0.006,135.42,156.46,-49.37,-60.35,-10.98,356,356
NVDA,LR,2022-01-01,65,0.15,0.868,1.018,0.15,1.018,0.15,135.42,234.83,-49.37,-60.35,-10.98,468,468
NVDA,LR,2022-01-01,65,0.2,0.868,1.017,0.149,1.017,0.149,135.42,255.43,-49.37,-60.35,-10.98,640,640
NVDA,RF,2022-01-01,0,0.08,0.946,1.067,0.121,1.11,0.164,166.08,287.24,-47.94,-55.06,-7.12,681,720
NVDA,RF,2022-01-01,0,0.12,0.946,1.139,0.193,1.11,0.164,166.08,340.1,-47.94,-55.06,-7.12,706,739
NVDA,RF,2022-01-01,0,0.15,0.946,1.139,0.193,1.11,0.164,166.08,340.1,-47.94,-55.06,-7.12,718,755
NVDA,RF,2022-01-01,0,0.2,0.946,1.035,0.089,1.11,0.164,166.08,272.04,-47.94,-62.01,-14.07,765,797
NVDA,RF,2022-01-01,50,0.08,0.946,0.958,0.012,0.969,0.023,166.08,220.07,-47.94,-54.59,-6.65,599,606
NVDA,RF,2022-01-01,50,0.12,0.946,0.922,-0.024,0.932,-0.014,166.08,202.34,-47.94,-54.59,-6.65,626,633
NVDA,RF,2022-01-01,50,0.15,0.946,1.005,0.059,1.015,0.069,166.08,247.59,-47.94,-54.59,-6.65,667,674
NVDA,RF,2022-01-01,50,0.2,0.946,0.873,-0.073,0.883,-0.063,166.08,181.03,-47.94,-61.61,-13.67,726,733
NVDA,RF,2022-01-01,55,0.08,0.946,1.057,0.111,1.067,0.121,166.08,271.06,-47.94,-54.59,-6.65,554,561
NVDA,RF,2022-01-01,55,0.12,0.946,1.02,0.074,1.03,0.084,166.08,250.5,-47.94,-54.59,-6.65,579,586
NVDA,RF,2022-01-01,55,0.15,0.946,1.094,0.148,1.104,0.158,166.08,299.59,-47.94,-54.59,-6.65,645,652
NVDA,RF,2022-01-01,55,0.2,0.946,0.933,-0.013,0.943,-0.003,166.08,210.0,-47.94,-61.61,-13.67,718,725
NVDA,RF,2022-01-01,60,0.08,0.946,1.067,0.121,1.067,0.121,166.08,263.06,-47.94,-50.24,-2.3,456,456
NVDA,RF,2022-01-01,60,0.12,0.946,0.991,0.045,0.991,0.045,166.08,224.47,-47.94,-50.24,-2.3,485,485
NVDA,RF,2022-01-01,60,0.15,0.946,0.955,0.009,0.955,0.009,166.08,209.77,-47.94,-50.24,-2.3,594,594
NVDA,RF,2022-01-01,60,0.2,0.946,1.045,0.099,1.045,0.099,166.08,270.2,-47.94,-50.97,-3.03,697,697
NVDA,RF,2022-01-01,65,0.08,0.946,1.027,0.081,1.027,0.081,166.08,238.85,-47.94,-50.24,-2.3,424,424
NVDA,RF,2022-01-01,65,0.12,0.946,0.928,-0.018,0.928,-0.018,166.08,192.19,-47.94,-50.24,-2.3,451,451
NVDA,RF,2022-01-01,65,0.15,0.946,0.959,0.013,0.959,0.013,166.08,210.84,-47.94,-50.24,-2.3,575,575
NVDA,RF,2022-01-01,65,0.2,0.946,1.048,0.102,1.048,0.102,166.08,271.48,-47.94,-50.97,-3.03,678,678
NVDA,LR,2021-01-01,0,0.08,0.83,0.856,0.026,0.825,-0.005,118.18,135.92,-47.53,-56.54,-9.01,399,462
NVDA,LR,2021-01-01,0,0.12,0.83,0.834,0.004,0.825,-0.005,118.18,128.8,-47.53,-56.54,-9.01,429,495
NVDA,LR,2021-01-01,0,0.15,0.83,0.787,-0.043,0.825,-0.005,118.18,114.57,-47.53,-56.54,-9.01,494,527
NVDA,LR,2021-01-01,0,0.2,0.83,0.787,-0.043,0.825,-0.005,118.18,114.57,-47.53,-56.54,-9.01,532,570
NVDA,LR,2021-01-01,50,0.08,0.83,0.856,0.026,0.825,-0.005,118.18,135.92,-47.53,-56.54,-9.01,399,462
NVDA,LR,2021-01-01,50,0.12,0.83,0.834,0.004,0.825,-0.005,118.18,128.8,-47.53,-56.54,-9.01,429,495
NVDA,LR,2021-01-01,50,0.15,0.83,0.787,-0.043,0.825,-0.005,118.18,114.57,-47.53,-56.54,-9.01,494,527
NVDA,LR,2021-01-01,50,0.2,0.83,0.787,-0.043,0.825,-0.005,118.18,114.57,-47.53,-56.54,-9.01,532,570
NVDA,LR,2021-01-01,55,0.08,0.83,0.881,0.051,0.85,0.02,118.18,144.33,-47.53,-56.54,-9.01,369,432
NVDA,LR,2021-01-01,55,0.12,0.83,0.859,0.029,0.891,0.061,118.18,136.95,-47.53,-56.54,-9.01,399,463
NVDA,LR,2021-01-01,55,0.15,0.83,0.787,-0.043,0.825,-0.005,118.18,114.57,-47.53,-56.54,-9.01,494,527
NVDA,LR,2021-01-01,55,0.2,0.83,0.787,-0.043,0.825,-0.005,118.18,114.57,-47.53,-56.54,-9.01,532,570
NVDA,LR,2021-01-01,60,0.08,0.83,0.704,-0.126,0.639,-0.191,118.18,88.8,-47.53,-58.92,-11.39,343,345
NVDA,LR,2021-01-01,60,0.12,0.83,0.716,-0.114,0.716,-0.114,118.18,92.18,-47.53,-56.54,-9.01,375,375
NVDA,LR,2021-01-01,60,0.15,0.83,0.643,-0.187,0.682,-0.148,118.18,74.03,-47.53,-56.54,-9.01,467,500
NVDA,LR,2021-01-01,60,0.2,0.83,0.787,-0.043,0.825,-0.005,118.18,114.57,-47.53,-56.54,-9.01,532,570
NVDA,LR,2021-01-01,65,0.08,0.83,0.73,-0.1,0.665,-0.165,118.18,95.53,-47.53,-58.92,-11.39,236,238
NVDA,LR,2021-01-01,65,0.12,0.83,0.742,-0.088,0.742,-0.088,118.18,99.03,-47.53,-56.54,-9.01,318,318
NVDA,LR,2021-01-01,65,0.15,0.83,0.674,-0.156,0.674,-0.156,118.18,81.38,-47.53,-56.54,-9.01,363,363
NVDA,LR,2021-01-01,65,0.2,0.83,0.8,-0.03,0.8,-0.03,118.18,118.26,-47.53,-56.54,-9.01,456,456
NVDA,RF,2021-01-01,0,0.08,0.694,0.715,0.021,0.825,0.131,79.14,93.57,-50.86,-60.2,-9.34,493,538
NVDA,RF,2021-01-01,0,0.12,0.694,0.737,0.043,0.825,0.131,79.14,99.61,-50.86,-59.3,-8.44,522,557
NVDA,RF,2021-01-01,0,0.15,0.694,0.737,0.043,0.825,0.131,79.14,99.61,-50.86,-59.3,-8.44,558,611
NVDA,RF,2021-01-01,0,0.2,0.694,0.76,0.066,0.825,0.131,79.14,106.26,-50.86,-59.3,-8.44,609,641
NVDA,RF,2021-01-01,50,0.08,0.694,0.699,0.005,0.699,0.005,79.14,89.05,-50.86,-60.55,-9.69,474,474
NVDA,RF,2021-01-01,50,0.12,0.694,0.713,0.019,0.713,0.019,79.14,92.88,-50.86,-59.3,-8.44,516,516
NVDA,RF,2021-01-01,50,0.15,0.694,0.737,0.043,0.737,0.043,79.14,99.61,-50.86,-59.3,-8.44,558,558
NVDA,RF,2021-01-01,50,0.2,0.694,0.76,0.066,0.76,0.066,79.14,106.26,-50.86,-59.3,-8.44,609,609
NVDA,RF,2021-01-01,55,0.08,0.694,0.715,0.021,0.715,0.021,79.14,93.02,-50.86,-60.55,-9.69,412,412
NVDA,RF,2021-01-01,55,0.12,0.694,0.722,0.028,0.722,0.028,79.14,95.18,-50.86,-59.66,-8.8,447,447
NVDA,RF,2021-01-01,55,0.15,0.694,0.741,0.047,0.741,0.047,79.14,100.34,-50.86,-59.66,-8.8,497,497
NVDA,RF,2021-01-01,55,0.2,0.694,0.763,0.069,0.763,0.069,79.14,107.01,-50.86,-59.66,-8.8,548,548
NVDA,RF,2021-01-01,60,0.08,0.694,0.665,-0.029,0.665,-0.029,79.14,78.51,-50.86,-60.55,-9.69,384,384
NVDA,RF,2021-01-01,60,0.12,0.694,0.673,-0.021,0.673,-0.021,79.14,80.51,-50.86,-59.66,-8.8,419,419
NVDA,RF,2021-01-01,60,0.15,0.694,0.692,-0.002,0.692,-0.002,79.14,85.28,-50.86,-59.66,-8.8,466,466
NVDA,RF,2021-01-01,60,0.2,0.694,0.763,0.069,0.763,0.069,79.14,107.01,-50.86,-59.66,-8.8,548,548
NVDA,RF,2021-01-01,65,0.08,0.694,0.78,0.086,0.78,0.086,79.14,107.43,-50.86,-51.95,-1.09,307,307
NVDA,RF,2021-01-01,65,0.12,0.694,0.687,-0.007,0.687,-0.007,79.14,84.02,-50.86,-59.66,-8.8,413,413
NVDA,RF,2021-01-01,65,0.15,0.694,0.706,0.012,0.706,0.012,79.14,88.88,-50.86,-59.66,-8.8,460,460
NVDA,RF,2021-01-01,65,0.2,0.694,0.763,0.069,0.763,0.069,79.14,107.01,-50.86,-59.66,-8.8,548,548
TSLA,LR,2024-01-01,0,0.08,0.822,1.287,0.465,1.303,0.481,255.45,1161.5,-60.01,-60.63,-0.62,305,712
TSLA,LR,2024-01-01,0,0.12,0.822,1.347,0.525,1.303,0.481,255.45,1416.04,-60.01,-60.63,-0.62,411,790
TSLA,LR,2024-01-01,0,0.15,0.822,1.446,0.624,1.303,0.481,255.45,1922.26,-60.01,-60.63,-0.62,631,888
TSLA,LR,2024-01-01,0,0.2,0.822,1.447,0.625,1.303,0.481,255.45,2036.52,-60.01,-60.63,-0.62,750,978
TSLA,LR,2024-01-01,50,0.08,0.822,0.97,0.148,0.97,0.148,255.45,419.17,-60.01,-60.63,-0.62,144,144
TSLA,LR,2024-01-01,50,0.12,0.822,1.128,0.306,1.128,0.306,255.45,673.38,-60.01,-60.63,-0.62,222,222
TSLA,LR,2024-01-01,50,0.15,0.822,1.128,0.306,1.128,0.306,255.45,673.38,-60.01,-60.63,-0.62,234,234
TSLA,LR,2024-01-01,50,0.2,0.822,1.128,0.306,1.128,0.306,255.45,673.38,-60.01,-60.63,-0.62,269,269
TSLA,LR,2024-01-01,55,0.08,0.822,0.97,0.148,0.97,0.148,255.45,419.17,-60.01,-60.63,-0.62,144,144
TSLA,LR,2024-01-01,55,0.12,0.822,1.128,0.306,1.128,0.306,255.45,673.38,-60.01,-60.63,-0.62,222,222
TSLA,LR,2024-01-01,55,0.15,0.822,1.128,0.306,1.128,0.306,255.45,673.38,-60.01,-60.63,-0.62,234,234
TSLA,LR,2024-01-01,55,0.2,0.822,1.128,0.306,1.128,0.306,255.45,673.38,-60.01,-60.63,-0.62,269,269
TSLA,LR,2024-01-01,60,0.08,0.822,0.974,0.152,0.974,0.152,255.45,424.37,-60.01,-60.63,-0.62,129,129
TSLA,LR,2024-01-01,60,0.12,0.822,1.132,0.31,1.132,0.31,255.45,681.13,-60.01,-60.63,-0.62,207,207
TSLA,LR,2024-01-01,60,0.15,0.822,1.132,0.31,1.132,0.31,255.45,681.13,-60.01,-60.63,-0.62,219,219
TSLA,LR,2024-01-01,60,0.2,0.822,1.132,0.31,1.132,0.31,255.45,681.13,-60.01,-60.63,-0.62,254,254
TSLA,LR,2024-01-01,65,0.08,0.822,0.892,0.07,0.892,0.07,255.45,330.75,-60.01,-60.63,-0.62,67,67
TSLA,LR,2024-01-01,65,0.12,0.822,0.926,0.104,0.926,0.104,255.45,365.99,-60.01,-60.63,-0.62,95,95
TSLA,LR,2024-01-01,65,0.15,0.822,0.926,0.104,0.926,0.104,255.45,365.99,-60.01,-60.63,-0.62,107,107
TSLA,LR,2024-01-01,65,0.2,0.822,0.926,0.104,0.926,0.104,255.45,365.99,-60.01,-60.63,-0.62,141,141
TSLA,RF,2024-01-01,0,0.08,0.515,1.06,0.545,1.288,0.773,75.49,596.25,-68.0,-71.51,-3.51,636,906
TSLA,RF,2024-01-01,0,0.12,0.515,1.211,0.696,1.288,0.773,75.49,1016.49,-68.0,-72.48,-4.48,759,955
TSLA,RF,2024-01-01,0,0.15,0.515,1.188,0.673,1.288,0.773,75.49,982.87,-68.0,-75.28,-7.28,826,974
TSLA,RF,2024-01-01,0,0.2,0.515,1.26,0.745,1.288,0.773,75.49,1364.45,-68.0,-76.97,-8.97,936,1020
TSLA,RF,2024-01-01,50,0.08,0.515,1.26,0.745,1.422,0.907,75.49,990.58,-68.0,-69.77,-1.77,511,607
TSLA,RF,2024-01-01,50,0.12,0.515,1.277,0.762,1.386,0.871,75.49,1128.97,-68.0,-70.27,-2.27,617,674
TSLA,RF,2024-01-01,50,0.15,0.515,1.191,0.676,1.202,0.687,75.49,925.93,-68.0,-73.77,-5.77,704,718
TSLA,RF,2024-01-01,50,0.2,0.515,1.335,0.82,1.335,0.82,75.49,1557.25,-68.0,-74.08,-6.08,783,783
TSLA,RF,2024-01-01,55,0.08,0.515,1.346,0.831,1.578,1.063,75.49,1226.5,-68.0,-69.37,-1.37,475,550
TSLA,RF,2024-01-01,55,0.12,0.515,1.281,0.766,1.364,0.849,75.49,1137.21,-68.0,-69.87,-1.87,593,619
TSLA,RF,2024-01-01,55,0.15,0.515,1.218,0.703,1.229,0.714,75.49,996.03,-68.0,-73.96,-5.96,672,686
TSLA,RF,2024-01-01,55,0.2,0.515,1.365,0.85,1.365,0.85,75.49,1694.19,-68.0,-74.27,-6.27,760,760
TSLA,RF,2024-01-01,60,0.08,0.515,1.264,0.749,1.454,0.939,75.49,957.01,-68.0,-72.31,-4.31,417,481
TSLA,RF,2024-01-01,60,0.12,0.515,1.222,0.707,1.251,0.736,75.49,939.82,-68.0,-72.92,-4.92,534,547
TSLA,RF,2024-01-01,60,0.15,0.515,1.121,0.606,1.134,0.619,75.49,734.53,-68.0,-77.36,-9.36,604,618
TSLA,RF,2024-01-01,60,0.2,0.515,1.24,0.725,1.24,0.725,75.49,1148.54,-68.0,-80.39,-12.39,693,693
TSLA,RF,2024-01-01,65,0.08,0.515,1.209,0.694,1.258,0.743,75.49,799.68,-68.0,-74.15,-6.15,357,377
TSLA,RF,2024-01-01,65,0.12,0.515,1.227,0.712,1.256,0.741,75.49,912.49,-68.0,-72.02,-4.02,446,459
TSLA,RF,2024-01-01,65,0.15,0.515,1.055,0.54,1.068,0.553,75.49,592.13,-68.0,-80.25,-12.25,544,558
TSLA,RF,2024-01-01,65,0.2,0.515,1.234,0.719,1.234,0.719,75.49,1095.13,-68.0,-80.25,-12.25,630,630
TSLA,LR,2023-01-01,0,0.08,0.706,1.105,0.399,1.044,0.338,142.63,556.72,-42.82,-58.42,-15.6,475,720
TSLA,LR,2023-01-01,0,0.12,0.706,1.073,0.367,1.044,0.338,142.63,513.43,-42.82,-62.92,-20.1,566,787
TSLA,LR,2023-01-01,0,0.15,0.706,1.123,0.417,1.044,0.338,142.63,605.12,-42.82,-68.3,-25.48,654,825
TSLA,LR,2023-01-01,0,0.2,0.706,1.147,0.441,1.044,0.338,142.63,717.19,-42.82,-62.3,-19.48,829,881
TSLA,LR,2023-01-01,50,0.08,0.706,1.156,0.45,1.211,0.505,142.63,600.39,-42.82,-52.64,-9.82,299,327
TSLA,LR,2023-01-01,50,0.12,0.706,1.155,0.449,1.192,0.486,142.63,605.03,-42.82,-52.64,-9.82,384,397
TSLA,LR,2023-01-01,50,0.15,0.706,1.102,0.396,1.12,0.414,142.63,530.26,-42.82,-52.64,-9.82,441,455
TSLA,LR,2023-01-01,50,0.2,0.706,1.267,0.561,1.267,0.561,142.63,846.25,-42.82,-51.8,-8.98,588,588
TSLA,LR,2023-01-01,55,0.08,0.706,1.222,0.516,1.277,0.571,142.63,705.76,-42.82,-52.64,-9.82,286,298
TSLA,LR,2023-01-01,55,0.12,0.706,1.223,0.517,1.259,0.553,142.63,716.32,-42.82,-52.64,-9.82,367,380
TSLA,LR,2023-01-01,55,0.15,0.706,1.169,0.463,1.187,0.481,142.63,629.75,-42.82,-52.64,-9.82,424,438
TSLA,LR,2023-01-01,55,0.2,0.706,1.267,0.561,1.267,0.561,142.63,846.25,-42.82,-51.8,-8.98,588,588
TSLA,LR,2023-01-01,60,0.08,0.706,1.166,0.46,1.224,0.518,142.63,584.02,-42.82,-52.64,-9.82,151,163
TSLA,LR,2023-01-01,60,0.12,0.706,1.23,0.524,1.268,0.562,142.63,691.88,-42.82,-52.64,-9.82,221,234
TSLA,LR,2023-01-01,60,0.15,0.706,1.258,0.552,1.275,0.569,142.63,758.8,-42.82,-52.64,-9.82,301,315
TSLA,LR,2023-01-01,60,0.2,0.706,1.351,0.645,1.351,0.645,142.63,990.09,-42.82,-51.8,-8.98,336,336
TSLA,LR,2023-01-01,65,0.08,0.706,1.134,0.428,1.192,0.486,142.63,537.51,-42.82,-52.64,-9.82,136,148
TSLA,LR,2023-01-01,65,0.12,0.706,1.154,0.448,1.192,0.486,142.63,565.83,-42.82,-52.64,-9.82,186,199
TSLA,LR,2023-01-01,65,0.15,0.706,1.182,0.476,1.2,0.494,142.63,622.1,-42.82,-52.64,-9.82,266,280
TSLA,LR,2023-01-01,65,0.2,0.706,1.277,0.571,1.277,0.571,142.63,816.57,-42.82,-51.8,-8.98,301,301
TSLA,RF,2023-01-01,0,0.08,0.416,0.767,0.351,1.044,0.628,39.93,189.12,-55.47,-70.95,-15.48,472,783
TSLA,RF,2023-01-01,0,0.12,0.416,0.86,0.444,1.044,0.628,39.93,270.97,-55.47,-74.8,-19.33,590,835
TSLA,RF,2023-01-01,0,0.15,0.416,1.012,0.596,1.044,0.628,39.93,440.49,-55.47,-72.47,-17.0,661,842
TSLA,RF,2023-01-01,0,0.2,0.416,1.09,0.674,1.044,0.628,39.93,608.87,-55.47,-70.02,-14.55,798,871
TSLA,RF,2023-01-01,50,0.08,0.416,1.059,0.643,1.247,0.831,39.93,425.53,-55.47,-61.31,-5.84,383,509
TSLA,RF,2023-01-01,50,0.12,0.416,1.072,0.656,1.277,0.861,39.93,477.13,-55.47,-64.7,-9.23,497,562
TSLA,RF,2023-01-01,50,0.15,0.416,1.1,0.684,1.154,0.738,39.93,531.51,-55.47,-68.35,-12.88,574,602
TSLA,RF,2023-01-01,50,0.2,0.416,1.168,0.752,1.168,0.752,39.93,693.72,-55.47,-67.32,-11.85,647,647
TSLA,RF,2023-01-01,55,0.08,0.416,0.787,0.371,0.973,0.557,39.93,186.08,-55.47,-61.31,-5.84,315,414
TSLA,RF,2023-01-01,55,0.12,0.416,1.166,0.75,1.321,0.905,39.93,607.09,-55.47,-64.87,-9.4,459,493
TSLA,RF,2023-01-01,55,0.15,0.416,1.108,0.692,1.163,0.747,39.93,542.08,-55.47,-70.0,-14.53,536,564
TSLA,RF,2023-01-01,55,0.2,0.416,1.174,0.758,1.174,0.758,39.93,702.77,-55.47,-68.48,-13.01,623,623
TSLA,RF,2023-01-01,60,0.08,0.416,0.838,0.422,0.954,0.538,39.93,215.12,-55.47,-61.31,-5.84,277,356
TSLA,RF,2023-01-01,60,0.12,0.416,1.203,0.787,1.302,0.886,39.93,663.36,-55.47,-64.7,-9.23,416,439
TSLA,RF,2023-01-01,60,0.15,0.416,1.158,0.742,1.212,0.796,39.93,615.59,-55.47,-68.97,-13.5,489,517
TSLA,RF,2023-01-01,60,0.2,0.416,1.236,0.82,1.236,0.82,39.93,825.03,-55.47,-67.4,-11.93,549,549
TSLA,RF,2023-01-01,65,0.08,0.416,0.792,0.376,0.682,0.266,39.93,186.03,-55.47,-56.46,-0.99,239,275
TSLA,RF,2023-01-01,65,0.12,0.416,1.19,0.774,1.223,0.807,39.93,630.94,-55.47,-58.09,-2.62,372,385
TSLA,RF,2023-01-01,65,0.15,0.416,1.08,0.664,1.094,0.678,39.93,495.07,-55.47,-68.17,-12.7,453,467
TSLA,RF,2023-01-01,65,0.2,0.416,1.162,0.746,1.162,0.746,39.93,669.24,-55.47,-66.39,-10.92,513,513
TSLA,LR,2022-01-01,0,0.08,0.931,1.207,0.276,1.487,0.556,247.37,577.27,-60.01,-60.6,-0.59,365,577
TSLA,LR,2022-01-01,0,0.12,0.931,1.252,0.321,1.432,0.501,247.37,656.28,-60.01,-60.6,-0.59,436,610
TSLA,LR,2022-01-01,0,0.15,0.931,1.409,0.478,1.452,0.521,247.37,993.83,-60.01,-60.6,-0.59,627,647
TSLA,LR,2022-01-01,0,0.2,0.931,1.476,0.545,1.476,0.545,247.37,1203.01,-60.01,-60.63,-0.62,712,712
TSLA,LR,2022-01-01,50,0.08,0.931,1.415,0.484,1.537,0.606,247.37,923.99,-60.01,-60.6,-0.59,282,307
TSLA,LR,2022-01-01,50,0.12,0.931,1.484,0.553,1.565,0.634,247.37,1105.32,-60.01,-60.6,-0.59,339,352
TSLA,LR,2022-01-01,50,0.15,0.931,1.48,0.549,1.56,0.629,247.37,1099.38,-60.01,-60.6,-0.59,385,399
TSLA,LR,2022-01-01,50,0.2,0.931,1.483,0.552,1.483,0.552,247.37,1155.38,-60.01,-60.63,-0.62,472,472
TSLA,LR,2022-01-01,55,0.08,0.931,1.421,0.49,1.503,0.572,247.37,934.12,-60.01,-60.6,-0.59,265,277
TSLA,LR,2022-01-01,55,0.12,0.931,1.49,0.559,1.571,0.64,247.37,1117.25,-60.01,-60.6,-0.59,321,334
TSLA,LR,2022-01-01,55,0.15,0.931,1.485,0.554,1.566,0.635,247.37,1111.25,-60.01,-60.6,-0.59,364,378
TSLA,LR,2022-01-01,55,0.2,0.931,1.468,0.537,1.468,0.537,247.37,1110.65,-60.01,-60.63,-0.62,439,439
TSLA,LR,2022-01-01,60,0.08,0.931,1.424,0.493,1.507,0.576,247.37,940.23,-60.01,-60.6,-0.59,247,259
TSLA,LR,2022-01-01,60,0.12,0.931,1.494,0.563,1.574,0.643,247.37,1124.43,-60.01,-60.6,-0.59,303,316
TSLA,LR,2022-01-01,60,0.15,0.931,1.482,0.551,1.562,0.631,247.37,1101.44,-60.01,-60.6,-0.59,358,372
TSLA,LR,2022-01-01,60,0.2,0.931,1.465,0.534,1.465,0.534,247.37,1100.83,-60.01,-60.63,-0.62,433,433
TSLA,LR,2022-01-01,65,0.08,0.931,1.307,0.376,1.392,0.461,247.37,702.67,-60.01,-60.6,-0.59,200,212
TSLA,LR,2022-01-01,65,0.12,0.931,1.414,0.483,1.497,0.566,247.37,916.51,-60.01,-60.6,-0.59,253,266
TSLA,LR,2022-01-01,65,0.15,0.931,1.418,0.487,1.5,0.569,247.37,934.52,-60.01,-60.6,-0.59,315,329
TSLA,LR,2022-01-01,65,0.2,0.931,1.411,0.48,1.411,0.48,247.37,954.22,-60.01,-60.63,-0.62,376,376
TSLA,RF,2022-01-01,0,0.08,0.365,1.047,0.682,1.466,1.101,24.89,331.18,-52.3,-60.34,-8.04,475,704
TSLA,RF,2022-01-01,0,0.12,0.365,1.243,0.878,1.466,1.101,24.89,567.07,-52.3,-55.97,-3.67,569,732
TSLA,RF,2022-01-01,0,0.15,0.365,1.224,0.859,1.466,1.101,24.89,552.59,-52.3,-55.97,-3.67,630,765
TSLA,RF,2022-01-01,0,0.2,0.365,1.382,1.017,1.466,1.101,24.89,923.22,-52.3,-60.63,-8.33,710,785
TSLA,RF,2022-01-01,50,0.08,0.365,1.055,0.69,1.072,0.707,24.89,323.81,-52.3,-61.91,-9.61,372,435
TSLA,RF,2022-01-01,50,0.12,0.365,1.282,0.917,1.419,1.054,24.89,593.8,-52.3,-58.02,-5.72,461,524
TSLA,RF,2022-01-01,50,0.15,0.365,1.269,0.904,1.176,0.811,24.89,590.51,-52.3,-58.02,-5.72,534,556
TSLA,RF,2022-01-01,50,0.2,0.365,1.471,1.106,1.471,1.106,24.89,1075.36,-52.3,-50.62,1.68,658,658
TSLA,RF,2022-01-01,55,0.08,0.365,1.124,0.759,1.271,0.906,24.89,375.85,-52.3,-61.65,-9.35,321,369
TSLA,RF,2022-01-01,55,0.12,0.365,1.29,0.925,1.394,1.029,24.89,598.41,-52.3,-57.73,-5.43,410,442
TSLA,RF,2022-01-01,55,0.15,0.365,1.28,0.915,1.186,0.821,24.89,601.0,-52.3,-57.73,-5.43,462,484
TSLA,RF,2022-01-01,55,0.2,0.365,1.472,1.107,1.472,1.107,24.89,1066.78,-52.3,-50.62,1.68,546,546
TSLA,RF,2022-01-01,60,0.08,0.365,1.063,0.698,1.129,0.764,24.89,322.97,-52.3,-61.65,-9.35,299,319
TSLA,RF,2022-01-01,60,0.12,0.365,1.233,0.868,1.27,0.905,24.89,520.8,-52.3,-57.73,-5.43,388,401
TSLA,RF,2022-01-01,60,0.15,0.365,1.282,0.917,1.305,0.94,24.89,601.96,-52.3,-57.73,-5.43,448,462
TSLA,RF,2022-01-01,60,0.2,0.365,1.474,1.109,1.474,1.109,24.89,1068.38,-52.3,-50.62,1.68,532,532
TSLA,RF,2022-01-01,65,0.08,0.365,0.944,0.579,1.015,0.65,24.89,227.69,-52.3,-58.11,-5.81,234,254
TSLA,RF,2022-01-01,65,0.12,0.365,1.314,0.949,1.351,0.986,24.89,609.19,-52.3,-55.16,-2.86,342,355
TSLA,RF,2022-01-01,65,0.15,0.365,1.408,1.043,1.43,1.065,24.89,772.72,-52.3,-55.16,-2.86,395,409
TSLA,RF,2022-01-01,65,0.2,0.365,1.394,1.029,1.394,1.029,24.89,854.41,-52.3,-55.16,-2.86,464,464
TSLA,LR,2021-01-01,0,0.08,1.342,1.447,0.105,1.503,0.161,504.63,771.96,-60.01,-60.63,-0.62,305,335
TSLA,LR,2021-01-01,0,0.12,1.342,1.507,0.165,1.507,0.165,504.63,900.83,-60.01,-60.63,-0.62,391,391
TSLA,LR,2021-01-01,0,0.15,1.342,1.542,0.2,1.542,0.2,504.63,974.56,-60.01,-60.63,-0.62,444,444
TSLA,LR,2021-01-01,0,0.2,1.342,1.469,0.127,1.469,0.127,504.63,788.72,-60.01,-61.91,-1.9,530,530
TSLA,LR,2021-01-01,50,0.08,1.342,1.453,0.111,1.453,0.111,504.63,722.83,-60.01,-60.63,-0.62,197,197
TSLA,LR,2021-01-01,50,0.12,1.342,1.564,0.222,1.564,0.222,504.63,928.96,-60.01,-60.63,-0.62,271,271
TSLA,LR,2021-01-01,50,0.15,1.342,1.605,0.263,1.605,0.263,504.63,1013.93,-60.01,-60.63,-0.62,337,337
TSLA,LR,2021-01-01,50,0.2,1.342,1.521,0.179,1.521,0.179,504.63,863.1,-60.01,-60.63,-0.62,454,454
TSLA,LR,2021-01-01,55,0.08,1.342,1.516,0.174,1.516,0.174,504.63,820.9,-60.01,-60.63,-0.62,165,165
TSLA,LR,2021-01-01,55,0.12,1.342,1.631,0.289,1.631,0.289,504.63,1057.89,-60.01,-60.63,-0.62,226,226
TSLA,LR,2021-01-01,55,0.15,1.342,1.673,0.331,1.673,0.331,504.63,1153.5,-60.01,-60.63,-0.62,287,287
TSLA,LR,2021-01-01,55,0.2,1.342,1.588,0.246,1.588,0.246,504.63,975.46,-60.01,-60.63,-0.62,364,364
TSLA,LR,2021-01-01,60,0.08,1.342,1.516,0.174,1.516,0.174,504.63,820.9,-60.01,-60.63,-0.62,165,165
TSLA,LR,2021-01-01,60,0.12,1.342,1.631,0.289,1.631,0.289,504.63,1057.89,-60.01,-60.63,-0.62,226,226
TSLA,LR,2021-01-01,60,0.15,1.342,1.673,0.331,1.673,0.331,504.63,1153.5,-60.01,-60.63,-0.62,287,287
TSLA,LR,2021-01-01,60,0.2,1.342,1.588,0.246,1.588,0.246,504.63,975.46,-60.01,-60.63,-0.62,364,364
TSLA,LR,2021-01-01,65,0.08,1.342,1.464,0.122,1.464,0.122,504.63,732.32,-60.01,-60.63,-0.62,134,134
TSLA,LR,2021-01-01,65,0.12,1.342,1.58,0.238,1.58,0.238,504.63,946.52,-60.01,-60.63,-0.62,192,192
TSLA,LR,2021-01-01,65,0.15,1.342,1.621,0.279,1.621,0.279,504.63,1032.94,-60.01,-60.63,-0.62,253,253
TSLA,LR,2021-01-01,65,0.2,1.342,1.547,0.205,1.547,0.205,504.63,891.02,-60.01,-60.63,-0.62,316,316
TSLA,RF,2021-01-01,0,0.08,0.587,1.439,0.852,1.491,0.904,61.24,738.37,-53.81,-56.09,-2.28,464,506
TSLA,RF,2021-01-01,0,0.12,0.587,1.431,0.844,1.432,0.845,61.24,709.71,-53.81,-59.48,-5.67,524,550
TSLA,RF,2021-01-01,0,0.15,0.587,1.086,0.499,1.423,0.836,61.24,309.36,-53.81,-62.22,-8.41,523,565
TSLA,RF,2021-01-01,0,0.2,0.587,1.401,0.814,1.41,0.823,61.24,678.75,-53.81,-64.03,-10.22,591,594
TSLA,RF,2021-01-01,50,0.08,0.587,1.115,0.528,1.172,0.585,61.24,310.17,-53.81,-53.64,0.17,266,283
TSLA,RF,2021-01-01,50,0.12,0.587,1.266,0.679,1.284,0.697,61.24,440.84,-53.81,-51.53,2.28,334,340
TSLA,RF,2021-01-01,50,0.15,0.587,1.236,0.649,1.254,0.667,61.24,414.49,-53.81,-51.53,2.28,370,376
TSLA,RF,2021-01-01,50,0.2,0.587,1.499,0.912,1.499,0.912,61.24,785.67,-53.81,-56.52,-2.71,517,517
TSLA,RF,2021-01-01,55,0.08,0.587,1.207,0.62,1.264,0.677,61.24,376.83,-53.81,-50.76,3.05,214,231
TSLA,RF,2021-01-01,55,0.12,0.587,1.393,0.806,1.411,0.824,61.24,571.03,-53.81,-50.16,3.65,286,292
TSLA,RF,2021-01-01,55,0.15,0.587,1.379,0.792,1.397,0.81,61.24,557.39,-53.81,-50.16,3.65,324,330
TSLA,RF,2021-01-01,55,0.2,0.587,1.623,1.036,1.623,1.036,61.24,1003.24,-53.81,-54.66,-0.85,431,431
TSLA,RF,2021-01-01,60,0.08,0.587,1.016,0.429,1.365,0.778,61.24,234.46,-53.81,-50.76,3.05,199,234
TSLA,RF,2021-01-01,60,0.12,0.587,1.437,0.85,1.455,0.868,61.24,622.62,-53.81,-50.16,3.65,297,303
TSLA,RF,2021-01-01,60,0.15,0.587,1.424,0.837,1.442,0.855,61.24,610.76,-53.81,-50.16,3.65,340,346
TSLA,RF,2021-01-01,60,0.2,0.587,1.724,1.137,1.724,1.137,61.24,1204.54,-53.81,-54.66,-0.85,420,420
TSLA,RF,2021-01-01,65,0.08,0.587,0.991,0.404,1.01,0.423,61.24,218.57,-53.81,-50.16,3.65,157,163
TSLA,RF,2021-01-01,65,0.12,0.587,1.474,0.887,1.492,0.905,61.24,656.88,-53.81,-50.16,3.65,244,250
TSLA,RF,2021-01-01,65,0.15,0.587,1.461,0.874,1.479,0.892,61.24,644.46,-53.81,-50.16,3.65,287,293
TSLA,RF,2021-01-01,65,0.2,0.587,1.698,1.111,1.698,1.111,61.24,1106.54,-53.81,-53.21,0.6,340,340
AAPL,LR,2024-01-01,0,0.08,1.168,0.967,-0.201,1.129,-0.039,201.84,183.46,-26.35,-34.2,-7.85,676,1023
AAPL,LR,2024-01-01,0,0.12,1.168,0.809,-0.359,1.129,-0.039,201.84,140.53,-26.35,-43.74,-17.39,764,1062
AAPL,LR,2024-01-01,0,0.15,1.168,0.725,-0.443,1.129,-0.039,201.84,116.82,-26.35,-47.41,-21.06,793,1078
AAPL,LR,2024-01-01,0,0.2,1.168,0.912,-0.256,1.129,-0.039,201.84,182.58,-26.35,-43.16,-16.81,958,1098
AAPL,LR,2024-01-01,50,0.08,1.168,1.367,0.199,1.367,0.199,201.84,290.59,-26.35,-25.05,1.3,428,428
AAPL,LR,2024-01-01,50,0.12,1.168,1.264,0.096,1.264,0.096,201.84,260.52,-26.35,-25.05,1.3,561,561
AAPL,LR,2024-01-01,50,0.15,1.168,1.173,0.005,1.173,0.005,201.84,235.37,-26.35,-28.32,-1.97,625,625
AAPL,LR,2024-01-01,50,0.2,1.168,1.307,0.139,1.307,0.139,201.84,326.68,-26.35,-30.03,-3.68,808,808
AAPL,LR,2024-01-01,55,0.08,1.168,1.396,0.228,1.396,0.228,201.84,302.56,-26.35,-25.05,1.3,421,421
AAPL,LR,2024-01-01,55,0.12,1.168,1.293,0.125,1.293,0.125,201.84,271.56,-26.35,-25.05,1.3,554,554
AAPL,LR,2024-01-01,55,0.15,1.168,1.2,0.032,1.2,0.032,201.84,245.64,-26.35,-28.32,-1.97,618,618
AAPL,LR,2024-01-01,55,0.2,1.168,1.333,0.165,1.333,0.165,201.84,339.74,-26.35,-30.03,-3.68,801,801
AAPL,LR,2024-01-01,60,0.08,1.168,1.392,0.224,1.392,0.224,201.84,292.25,-26.35,-25.05,1.3,361,361
AAPL,LR,2024-01-01,60,0.12,1.168,1.22,0.052,1.22,0.052,201.84,237.39,-26.35,-25.05,1.3,408,408
AAPL,LR,2024-01-01,60,0.15,1.168,1.203,0.035,1.203,0.035,201.84,233.06,-26.35,-25.24,1.11,440,440
AAPL,LR,2024-01-01,60,0.2,1.168,1.287,0.119,1.287,0.119,201.84,309.78,-26.35,-30.03,-3.68,757,757
AAPL,LR,2024-01-01,65,0.08,1.168,1.361,0.193,1.361,0.193,201.84,277.34,-26.35,-25.05,1.3,281,281
AAPL,LR,2024-01-01,65,0.12,1.168,1.203,0.035,1.203,0.035,201.84,226.49,-26.35,-25.05,1.3,321,321
AAPL,LR,2024-01-01,65,0.15,1.168,1.26,0.092,1.26,0.092,201.84,249.34,-26.35,-25.05,1.3,388,388
AAPL,LR,2024-01-01,65,0.2,1.168,1.301,0.133,1.301,0.133,201.84,277.61,-26.35,-25.05,1.3,406,406
AAPL,RF,2024-01-01,0,0.08,1.122,0.974,-0.148,1.116,-0.006,179.72,204.73,-20.32,-42.08,-21.76,955,1011
AAPL,RF,2024-01-01,0,0.12,1.122,1.073,-0.049,1.116,-0.006,179.72,249.64,-20.32,-42.08,-21.76,978,1023
AAPL,RF,2024-01-01,0,0.15,1.122,1.04,-0.082,1.116,-0.006,179.72,242.72,-20.32,-37.51,-17.19,1058,1078
AAPL,RF,2024-01-01,0,0.2,1.122,1.033,-0.089,1.116,-0.006,179.72,241.38,-20.32,-39.26,-18.94,1085,1091
AAPL,RF,2024-01-01,50,0.08,1.122,1.372,0.25,1.311,0.189,179.72,362.47,-20.32,-34.55,-14.23,737,746
AAPL,RF,2024-01-01,50,0.12,1.122,1.161,0.039,1.161,0.039,179.72,263.14,-20.32,-40.25,-19.93,853,853
AAPL,RF,2024-01-01,50,0.15,1.122,1.231,0.109,1.231,0.109,179.72,302.01,-20.32,-35.05,-14.73,939,939
AAPL,RF,2024-01-01,50,0.2,1.122,1.255,0.133,1.255,0.133,179.72,342.32,-20.32,-36.87,-16.55,1001,1001
AAPL,RF,2024-01-01,55,0.08,1.122,1.294,0.172,1.232,0.11,179.72,314.35,-20.32,-36.99,-16.67,681,690
AAPL,RF,2024-01-01,55,0.12,1.122,1.166,0.044,1.166,0.044,179.72,259.86,-20.32,-41.03,-20.71,793,793
AAPL,RF,2024-01-01,55,0.15,1.122,1.204,0.082,1.204,0.082,179.72,282.54,-20.32,-35.21,-14.89,893,893
AAPL,RF,2024-01-01,55,0.2,1.122,1.252,0.13,1.252,0.13,179.72,334.89,-20.32,-36.87,-16.55,971,971
AAPL,RF,2024-01-01,60,0.08,1.122,1.339,0.217,1.339,0.217,179.72,336.76,-20.32,-33.71,-13.39,672,672
AAPL,RF,2024-01-01,60,0.12,1.122,1.202,0.08,1.202,0.08,179.72,277.07,-20.32,-38.33,-18.01,807,807
AAPL,RF,2024-01-01,60,0.15,1.122,1.248,0.126,1.248,0.126,179.72,303.23,-20.32,-31.84,-11.52,882,882
AAPL,RF,2024-01-01,60,0.2,1.122,1.294,0.172,1.294,0.172,179.72,358.61,-20.32,-33.59,-13.27,962,962
AAPL,RF,2024-01-01,65,0.08,1.122,1.422,0.3,1.422,0.3,179.72,381.07,-20.32,-26.5,-6.18,628,628
AAPL,RF,2024-01-01,65,0.12,1.122,1.291,0.169,1.291,0.169,179.72,317.8,-20.32,-31.71,-11.39,736,736
AAPL,RF,2024-01-01,65,0.15,1.122,1.337,0.215,1.337,0.215,179.72,346.79,-20.32,-27.21,-6.89,805,805
AAPL,RF,2024-01-01,65,0.2,1.122,1.332,0.21,1.332,0.21,179.72,376.72,-20.32,-24.38,-4.06,868,868
AAPL,LR,2023-01-01,0,0.08,0.864,1.068,0.204,1.032,0.168,115.19,208.8,-36.06,-33.16,2.9,712,862
AAPL,LR,2023-01-01,0,0.12,0.864,0.962,0.098,1.032,0.168,115.19,174.24,-36.06,-41.37,-5.31,786,916
AAPL,LR,2023-01-01,0,0.15,0.864,0.872,0.008,1.032,0.168,115.19,147.41,-36.06,-45.2,-9.14,813,932
AAPL,LR,2023-01-01,0,0.2,0.864,0.934,0.07,1.032,0.168,115.19,168.45,-36.06,-38.96,-2.9,864,952
AAPL,LR,2023-01-01,50,0.08,0.864,1.071,0.207,1.071,0.207,115.19,184.5,-36.06,-26.78,9.28,533,533
AAPL,LR,2023-01-01,50,0.12,0.864,1.109,0.245,1.109,0.245,115.19,200.62,-36.06,-26.78,9.28,616,616
AAPL,LR,2023-01-01,50,0.15,0.864,0.925,0.061,0.925,0.061,115.19,148.49,-36.06,-31.36,4.7,670,670
AAPL,LR,2023-01-01,50,0.2,0.864,1.03,0.166,1.03,0.166,115.19,190.13,-36.06,-29.13,6.93,774,774
AAPL,LR,2023-01-01,55,0.08,0.864,1.071,0.207,1.071,0.207,115.19,184.5,-36.06,-26.78,9.28,533,533
AAPL,LR,2023-01-01,55,0.12,0.864,1.109,0.245,1.109,0.245,115.19,200.62,-36.06,-26.78,9.28,616,616
AAPL,LR,2023-01-01,55,0.15,0.864,0.925,0.061,0.925,0.061,115.19,148.49,-36.06,-31.36,4.7,670,670
AAPL,LR,2023-01-01,55,0.2,0.864,1.03,0.166,1.03,0.166,115.19,190.13,-36.06,-29.13,6.93,774,774
AAPL,LR,2023-01-01,60,0.08,0.864,1.027,0.163,1.027,0.163,115.19,166.38,-36.06,-26.78,9.28,469,469
AAPL,LR,2023-01-01,60,0.12,0.864,1.074,0.21,1.074,0.21,115.19,181.45,-36.06,-26.78,9.28,526,526
AAPL,LR,2023-01-01,60,0.15,0.864,0.865,0.001,0.865,0.001,115.19,127.0,-36.06,-31.36,4.7,570,570
AAPL,LR,2023-01-01,60,0.2,0.864,1.034,0.17,1.034,0.17,115.19,186.02,-36.06,-29.13,6.93,723,723
AAPL,LR,2023-01-01,65,0.08,0.864,0.976,0.112,0.976,0.112,115.19,149.73,-36.06,-26.78,9.28,313,313
AAPL,LR,2023-01-01,65,0.12,0.864,0.997,0.133,0.997,0.133,115.19,156.31,-36.06,-26.78,9.28,379,379
AAPL,LR,2023-01-01,65,0.15,0.864,0.82,-0.044,0.82,-0.044,115.19,114.17,-36.06,-31.36,4.7,422,422
AAPL,LR,2023-01-01,65,0.2,0.864,0.903,0.039,0.903,0.039,115.19,139.52,-36.06,-29.13,6.93,498,498
AAPL,RF,2023-01-01,0,0.08,0.632,0.977,0.345,1.011,0.379,63.98,179.87,-34.3,-33.64,0.66,820,871
AAPL,RF,2023-01-01,0,0.12,0.632,0.886,0.254,1.011,0.379,63.98,148.87,-34.3,-38.69,-4.39,883,908
AAPL,RF,2023-01-01,0,0.15,0.632,0.949,0.317,1.011,0.379,63.98,168.7,-34.3,-38.69,-4.39,911,939
AAPL,RF,2023-01-01,0,0.2,0.632,1.023,0.391,1.011,0.379,63.98,210.19,-34.3,-31.43,2.87,943,954
AAPL,RF,2023-01-01,50,0.08,0.632,1.054,0.422,1.054,0.422,63.98,191.76,-34.3,-37.14,-2.84,628,628
AAPL,RF,2023-01-01,50,0.12,0.632,0.956,0.324,0.956,0.324,63.98,160.03,-34.3,-36.15,-1.85,717,717
AAPL,RF,2023-01-01,50,0.15,0.632,0.917,0.285,0.917,0.285,63.98,151.41,-34.3,-36.15,-1.85,818,818
AAPL,RF,2023-01-01,50,0.2,0.632,1.181,0.549,1.181,0.549,63.98,264.36,-34.3,-34.48,-0.18,909,909
AAPL,RF,2023-01-01,55,0.08,0.632,1.091,0.459,1.091,0.459,63.98,199.85,-34.3,-37.14,-2.84,593,593
AAPL,RF,2023-01-01,55,0.12,0.632,1.019,0.387,1.019,0.387,63.98,175.9,-34.3,-36.15,-1.85,689,689
AAPL,RF,2023-01-01,55,0.15,0.632,0.945,0.313,0.945,0.313,63.98,155.78,-34.3,-36.15,-1.85,779,779
AAPL,RF,2023-01-01,55,0.2,0.632,1.213,0.581,1.213,0.581,63.98,271.86,-34.3,-34.48,-0.18,874,874
AAPL,RF,2023-01-01,60,0.08,0.632,1.091,0.459,1.091,0.459,63.98,192.61,-34.3,-37.14,-2.84,535,535
AAPL,RF,2023-01-01,60,0.12,0.632,1.037,0.405,1.037,0.405,63.98,180.58,-34.3,-36.15,-1.85,635,635
AAPL,RF,2023-01-01,60,0.15,0.632,0.954,0.322,0.954,0.322,63.98,156.52,-34.3,-36.15,-1.85,694,694
AAPL,RF,2023-01-01,60,0.2,0.632,1.213,0.581,1.213,0.581,63.98,268.07,-34.3,-31.76,2.54,784,784
AAPL,RF,2023-01-01,65,0.08,0.632,1.134,0.502,1.134,0.502,63.98,205.57,-34.3,-37.14,-2.84,497,497
AAPL,RF,2023-01-01,65,0.12,0.632,1.097,0.465,1.097,0.465,63.98,199.37,-34.3,-36.15,-1.85,628,628
AAPL,RF,2023-01-01,65,0.15,0.632,1.029,0.397,1.029,0.397,63.98,178.17,-34.3,-36.15,-1.85,669,669
AAPL,RF,2023-01-01,65,0.2,0.632,1.286,0.654,1.286,0.654,63.98,299.13,-34.3,-31.76,2.54,759,759
AAPL,LR,2022-01-01,0,0.08,0.318,1.297,0.979,1.283,0.965,17.29,233.1,-39.58,-35.23,4.35,509,656
AAPL,LR,2022-01-01,0,0.12,0.318,1.275,0.957,1.283,0.965,17.29,246.37,-39.58,-32.34,7.24,620,695
AAPL,LR,2022-01-01,0,0.15,0.318,1.242,0.924,1.283,0.965,17.29,234.32,-39.58,-32.34,7.24,621,701
AAPL,LR,2022-01-01,0,0.2,0.318,1.241,0.923,1.283,0.965,17.29,237.99,-39.58,-32.34,7.24,677,713
AAPL,LR,2022-01-01,50,0.08,0.318,1.279,0.961,1.179,0.861,17.29,223.39,-39.58,-39.58,0.0,469,478
AAPL,LR,2022-01-01,50,0.12,0.318,1.124,0.806,1.124,0.806,17.29,183.52,-39.58,-42.26,-2.68,580,580
AAPL,LR,2022-01-01,50,0.15,0.318,1.102,0.784,1.102,0.784,17.29,177.86,-39.58,-42.26,-2.68,587,587
AAPL,LR,2022-01-01,50,0.2,0.318,1.244,0.926,1.244,0.926,17.29,239.01,-39.58,-32.34,7.24,675,675
AAPL,LR,2022-01-01,55,0.08,0.318,1.297,0.979,1.196,0.878,17.29,228.38,-39.58,-39.58,0.0,455,464
AAPL,LR,2022-01-01,55,0.12,0.318,1.14,0.822,1.14,0.822,17.29,187.89,-39.58,-42.26,-2.68,561,561
AAPL,LR,2022-01-01,55,0.15,0.318,1.118,0.8,1.118,0.8,17.29,182.15,-39.58,-42.26,-2.68,566,566
AAPL,LR,2022-01-01,55,0.2,0.318,1.259,0.941,1.259,0.941,17.29,244.24,-39.58,-33.19,6.39,650,650
AAPL,LR,2022-01-01,60,0.08,0.318,0.761,0.443,0.761,0.443,17.29,78.5,-39.58,-39.58,0.0,301,301
AAPL,LR,2022-01-01,60,0.12,0.318,0.772,0.454,0.772,0.454,17.29,83.94,-39.58,-42.26,-2.68,420,420
AAPL,LR,2022-01-01,60,0.15,0.318,0.749,0.431,0.749,0.431,17.29,80.27,-39.58,-42.26,-2.68,425,425
AAPL,LR,2022-01-01,60,0.2,0.318,0.992,0.674,0.992,0.674,17.29,139.49,-39.58,-33.19,6.39,542,542
AAPL,LR,2022-01-01,65,0.08,0.318,0.425,0.107,0.425,0.107,17.29,29.71,-39.58,-39.58,0.0,184,184
AAPL,LR,2022-01-01,65,0.12,0.318,0.545,0.227,0.545,0.227,17.29,45.71,-39.58,-39.58,0.0,300,300
AAPL,LR,2022-01-01,65,0.15,0.318,0.522,0.204,0.522,0.204,17.29,42.8,-39.58,-39.58,0.0,305,305
AAPL,LR,2022-01-01,65,0.2,0.318,0.992,0.674,0.992,0.674,17.29,139.49,-39.58,-33.19,6.39,542,542
AAPL,RF,2022-01-01,0,0.08,0.663,1.248,0.585,1.261,0.598,53.85,217.04,-31.9,-35.68,-3.78,712,755
AAPL,RF,2022-01-01,0,0.12,0.663,1.201,0.538,1.307,0.644,53.85,206.9,-31.9,-38.69,-6.79,755,770
AAPL,RF,2022-01-01,0,0.15,0.663,1.237,0.574,1.307,0.644,53.85,219.43,-31.9,-38.69,-6.79,764,783
AAPL,RF,2022-01-01,0,0.2,0.663,1.308,0.645,1.307,0.644,53.85,269.33,-31.9,-32.08,-0.18,795,800
AAPL,RF,2022-01-01,50,0.08,0.663,1.38,0.717,1.38,0.717,53.85,258.3,-31.9,-35.68,-3.78,622,622
AAPL,RF,2022-01-01,50,0.12,0.663,1.281,0.618,1.281,0.618,53.85,231.03,-31.9,-38.69,-6.79,699,699
AAPL,RF,2022-01-01,50,0.15,0.663,1.292,0.629,1.292,0.629,53.85,236.2,-31.9,-38.69,-6.79,714,714
AAPL,RF,2022-01-01,50,0.2,0.663,1.441,0.778,1.441,0.778,53.85,317.21,-31.9,-32.08,-0.18,776,776
AAPL,RF,2022-01-01,55,0.08,0.663,1.462,0.799,1.462,0.799,53.85,285.04,-31.9,-35.68,-3.78,595,595
AAPL,RF,2022-01-01,55,0.12,0.663,1.335,0.672,1.335,0.672,53.85,249.88,-31.9,-38.69,-6.79,689,689
AAPL,RF,2022-01-01,55,0.15,0.663,1.327,0.664,1.327,0.664,53.85,248.25,-31.9,-38.69,-6.79,707,707
AAPL,RF,2022-01-01,55,0.2,0.663,1.474,0.811,1.474,0.811,53.85,332.17,-31.9,-32.08,-0.18,769,769
AAPL,RF,2022-01-01,60,0.08,0.663,1.394,0.731,1.394,0.731,53.85,254.76,-31.9,-35.68,-3.78,569,569
AAPL,RF,2022-01-01,60,0.12,0.663,1.273,0.61,1.273,0.61,53.85,224.01,-31.9,-38.69,-6.79,666,666
AAPL,RF,2022-01-01,60,0.15,0.663,1.263,0.6,1.263,0.6,53.85,221.88,-31.9,-38.69,-6.79,688,688
AAPL,RF,2022-01-01,60,0.2,0.663,1.451,0.788,1.451,0.788,53.85,317.21,-31.9,-32.08,-0.18,756,756
AAPL,RF,2022-01-01,65,0.08,0.663,1.417,0.754,1.417,0.754,53.85,257.59,-31.9,-35.68,-3.78,538,538
AAPL,RF,2022-01-01,65,0.12,0.663,1.331,0.668,1.331,0.668,53.85,238.21,-31.9,-38.69,-6.79,636,636
AAPL,RF,2022-01-01,65,0.15,0.663,1.306,0.643,1.306,0.643,53.85,230.02,-31.9,-38.69,-6.79,646,646
AAPL,RF,2022-01-01,65,0.2,0.663,1.508,0.845,1.508,0.845,53.85,334.99,-31.9,-32.08,-0.18,727,727
AAPL,LR,2021-01-01,0,0.08,0.775,1.475,0.7,1.29,0.515,59.89,247.16,-31.28,-36.88,-5.6,539,621
AAPL,LR,2021-01-01,0,0.12,0.775,1.326,0.551,1.29,0.515,59.89,215.43,-31.28,-42.69,-11.41,580,628
AAPL,LR,2021-01-01,0,0.15,0.775,1.305,0.53,1.29,0.515,59.89,209.19,-31.28,-42.69,-11.41,595,638
AAPL,LR,2021-01-01,0,0.2,0.775,1.242,0.467,1.29,0.515,59.89,192.81,-31.28,-42.69,-11.41,614,649
AAPL,LR,2021-01-01,50,0.08,0.775,1.565,0.79,1.448,0.673,59.89,266.36,-31.28,-36.88,-5.6,481,490
AAPL,LR,2021-01-01,50,0.12,0.775,1.395,0.62,1.395,0.62,59.89,225.38,-31.28,-36.88,-5.6,538,538
AAPL,LR,2021-01-01,50,0.15,0.775,1.392,0.617,1.392,0.617,59.89,224.83,-31.28,-36.88,-5.6,547,547
AAPL,LR,2021-01-01,50,0.2,0.775,1.26,0.485,1.26,0.485,59.89,198.95,-31.28,-36.88,-5.6,601,601
AAPL,LR,2021-01-01,55,0.08,0.775,1.638,0.863,1.518,0.743,59.89,285.48,-31.28,-32.04,-0.76,456,465
AAPL,LR,2021-01-01,55,0.12,0.775,1.385,0.61,1.385,0.61,59.89,220.84,-31.28,-36.88,-5.6,522,522
AAPL,LR,2021-01-01,55,0.15,0.775,1.382,0.607,1.382,0.607,59.89,220.3,-31.28,-36.88,-5.6,531,531
AAPL,LR,2021-01-01,55,0.2,0.775,1.25,0.475,1.25,0.475,59.89,194.78,-31.28,-36.88,-5.6,585,585
AAPL,LR,2021-01-01,60,0.08,0.775,1.649,0.874,1.649,0.874,59.89,283.94,-31.28,-32.04,-0.76,413,413
AAPL,LR,2021-01-01,60,0.12,0.775,1.377,0.602,1.377,0.602,59.89,211.77,-31.28,-36.88,-5.6,481,481
AAPL,LR,2021-01-01,60,0.15,0.775,1.374,0.599,1.374,0.599,59.89,211.24,-31.28,-36.88,-5.6,490,490
AAPL,LR,2021-01-01,60,0.2,0.775,1.25,0.475,1.25,0.475,59.89,194.78,-31.28,-36.88,-5.6,585,585
AAPL,LR,2021-01-01,65,0.08,0.775,1.131,0.356,1.131,0.356,59.89,125.56,-31.28,-32.04,-0.76,317,317
AAPL,LR,2021-01-01,65,0.12,0.775,0.939,0.164,0.939,0.164,59.89,96.24,-31.28,-36.88,-5.6,383,383
AAPL,LR,2021-01-01,65,0.15,0.775,0.936,0.161,0.936,0.161,59.89,95.91,-31.28,-36.88,-5.6,392,392
AAPL,LR,2021-01-01,65,0.2,0.775,0.913,0.138,0.913,0.138,59.89,100.1,-31.28,-36.88,-5.6,486,486
AAPL,RF,2021-01-01,0,0.08,0.72,1.175,0.455,1.29,0.57,49.25,156.3,-25.25,-37.25,-12.0,580,667
AAPL,RF,2021-01-01,0,0.12,0.72,1.214,0.494,1.29,0.57,49.25,171.3,-25.25,-38.41,-13.16,629,684
AAPL,RF,2021-01-01,0,0.15,0.72,1.207,0.487,1.29,0.57,49.25,169.8,-25.25,-38.41,-13.16,634,689
AAPL,RF,2021-01-01,0,0.2,0.72,1.211,0.491,1.29,0.57,49.25,182.88,-25.25,-36.88,-11.63,666,709
AAPL,RF,2021-01-01,50,0.08,0.72,1.632,0.912,1.543,0.823,49.25,269.04,-25.25,-32.37,-7.12,513,515
AAPL,RF,2021-01-01,50,0.12,0.72,1.584,0.864,1.584,0.864,49.25,267.78,-25.25,-32.37,-7.12,549,549
AAPL,RF,2021-01-01,50,0.15,0.72,1.57,0.85,1.57,0.85,49.25,265.08,-25.25,-33.28,-8.03,566,566
AAPL,RF,2021-01-01,50,0.2,0.72,1.5,0.78,1.5,0.78,49.25,259.35,-25.25,-33.28,-8.03,576,576
AAPL,RF,2021-01-01,55,0.08,0.72,1.779,1.059,1.61,0.89,49.25,301.72,-25.25,-28.66,-3.41,457,466
AAPL,RF,2021-01-01,55,0.12,0.72,1.539,0.819,1.539,0.819,49.25,241.27,-25.25,-32.37,-7.12,497,497
AAPL,RF,2021-01-01,55,0.15,0.72,1.525,0.805,1.525,0.805,49.25,238.76,-25.25,-33.28,-8.03,514,514
AAPL,RF,2021-01-01,55,0.2,0.72,1.486,0.766,1.486,0.766,49.25,251.45,-25.25,-33.28,-8.03,565,565
AAPL,RF,2021-01-01,60,0.08,0.72,1.823,1.103,1.823,1.103,49.25,314.42,-25.25,-28.66,-3.41,433,433
AAPL,RF,2021-01-01,60,0.12,0.72,1.584,0.864,1.584,0.864,49.25,253.56,-25.25,-32.37,-7.12,476,476
AAPL,RF,2021-01-01,60,0.15,0.72,1.52,0.8,1.52,0.8,49.25,236.89,-25.25,-33.28,-8.03,506,506
AAPL,RF,2021-01-01,60,0.2,0.72,1.482,0.762,1.482,0.762,49.25,249.51,-25.25,-33.28,-8.03,557,557
AAPL,RF,2021-01-01,65,0.08,0.72,1.863,1.143,1.863,1.143,49.25,328.03,-25.25,-28.66,-3.41,428,428
AAPL,RF,2021-01-01,65,0.12,0.72,1.596,0.876,1.596,0.876,49.25,257.27,-25.25,-32.37,-7.12,474,474
AAPL,RF,2021-01-01,65,0.15,0.72,1.532,0.812,1.532,0.812,49.25,240.42,-25.25,-33.28,-8.03,504,504
AAPL,RF,2021-01-01,65,0.2,0.72,1.493,0.773,1.493,0.773,49.25,253.17,-25.25,-33.28,-8.03,555,555
JPM,LR,2024-01-01,0,0.08,-0.382,-0.05,0.332,0.27,0.652,-44.01,-22.43,-63.13,-65.7,-2.57,724,905
JPM,LR,2024-01-01,0,0.12,-0.382,0.25,0.632,0.27,0.652,-44.01,13.69,-63.13,-60.51,2.62,946,1021
JPM,LR,2024-01-01,0,0.15,-0.382,0.201,0.583,0.27,0.652,-44.01,6.38,-63.13,-60.51,2.62,983,1035
JPM,LR,2024-01-01,0,0.2,-0.382,0.221,0.603,0.27,0.652,-44.01,9.25,-63.13,-60.51,2.62,1008,1059
JPM,LR,2024-01-01,50,0.08,-0.382,-0.072,0.31,-0.072,0.31,-44.01,-23.9,-63.13,-65.74,-2.61,577,577
JPM,LR,2024-01-01,50,0.12,-0.382,0.109,0.491,0.109,0.491,-44.01,-4.93,-63.13,-60.5,2.63,794,794
JPM,LR,2024-01-01,50,0.15,-0.382,0.075,0.457,0.075,0.457,-44.01,-9.04,-63.13,-60.5,2.63,856,856
JPM,LR,2024-01-01,50,0.2,-0.382,0.196,0.578,0.196,0.578,-44.01,6.19,-63.13,-60.5,2.63,912,912
JPM,LR,2024-01-01,55,0.08,-0.382,-0.104,0.278,-0.104,0.278,-44.01,-26.83,-63.13,-67.06,-3.93,557,557
JPM,LR,2024-01-01,55,0.12,-0.382,0.108,0.49,0.108,0.49,-44.01,-5.03,-63.13,-60.5,2.63,783,783
JPM,LR,2024-01-01,55,0.15,-0.382,0.037,0.419,0.037,0.419,-44.01,-13.26,-63.13,-61.63,1.5,841,841
JPM,LR,2024-01-01,55,0.2,-0.382,0.195,0.577,0.195,0.577,-44.01,6.08,-63.13,-60.5,2.63,901,901
JPM,LR,2024-01-01,60,0.08,-0.382,-0.104,0.278,-0.104,0.278,-44.01,-26.59,-63.13,-68.68,-5.55,536,536
JPM,LR,2024-01-01,60,0.12,-0.382,0.085,0.467,0.085,0.467,-44.01,-7.72,-63.13,-60.5,2.63,772,772
JPM,LR,2024-01-01,60,0.15,-0.382,0.037,0.419,0.037,0.419,-44.01,-13.26,-63.13,-61.63,1.5,841,841
JPM,LR,2024-01-01,60,0.2,-0.382,0.195,0.577,0.195,0.577,-44.01,6.08,-63.13,-60.5,2.63,901,901
JPM,LR,2024-01-01,65,0.08,-0.382,-0.252,0.13,-0.252,0.13,-44.01,-38.15,-63.13,-67.49,-4.36,426,426
JPM,LR,2024-01-01,65,0.12,-0.382,-0.083,0.299,-0.083,0.299,-44.01,-24.67,-63.13,-60.5,2.63,615,615
JPM,LR,2024-01-01,65,0.15,-0.382,0.073,0.455,0.073,0.455,-44.01,-8.78,-63.13,-60.5,2.63,730,730
JPM,LR,2024-01-01,65,0.2,-0.382,0.203,0.585,0.203,0.585,-44.01,7.44,-63.13,-60.5,2.63,789,789
JPM,RF,2024-01-01,0,0.08,0.347,0.468,0.121,0.27,-0.077,27.88,52.02,-48.68,-50.19,-1.51,914,1005
JPM,RF,2024-01-01,0,0.12,0.347,0.371,0.024,0.27,-0.077,27.88,33.91,-48.68,-52.57,-3.89,994,1022
JPM,RF,2024-01-01,0,0.15,0.347,0.123,-0.224,0.27,-0.077,27.88,-4.24,-48.68,-63.6,-14.92,1026,1050
JPM,RF,2024-01-01,0,0.2,0.347,0.172,-0.175,0.27,-0.077,27.88,2.31,-48.68,-63.6,-14.92,1036,1068
JPM,RF,2024-01-01,50,0.08,0.347,0.434,0.087,0.434,0.087,27.88,44.51,-48.68,-50.19,-1.51,726,726
JPM,RF,2024-01-01,50,0.12,0.347,0.456,0.109,0.456,0.109,27.88,48.87,-48.68,-52.57,-3.89,847,847
JPM,RF,2024-01-01,50,0.15,0.347,0.26,-0.087,0.26,-0.087,27.88,15.26,-48.68,-63.6,-14.92,956,956
JPM,RF,2024-01-01,50,0.2,0.347,0.23,-0.117,0.23,-0.117,27.88,10.75,-48.68,-63.6,-14.92,1015,1015
JPM,RF,2024-01-01,55,0.08,0.347,0.359,0.012,0.359,0.012,27.88,31.1,-48.68,-49.62,-0.94,671,671
JPM,RF,2024-01-01,55,0.12,0.347,0.431,0.084,0.431,0.084,27.88,43.92,-48.68,-49.47,-0.79,792,792
JPM,RF,2024-01-01,55,0.15,0.347,0.291,-0.056,0.291,-0.056,27.88,20.18,-48.68,-61.22,-12.54,924,924
JPM,RF,2024-01-01,55,0.2,0.347,0.294,-0.053,0.294,-0.053,27.88,20.61,-48.68,-61.22,-12.54,997,997
JPM,RF,2024-01-01,60,0.08,0.347,0.236,-0.111,0.236,-0.111,27.88,12.41,-48.68,-49.62,-0.94,600,600
JPM,RF,2024-01-01,60,0.12,0.347,0.294,-0.053,0.294,-0.053,27.88,20.71,-48.68,-49.47,-0.79,738,738
JPM,RF,2024-01-01,60,0.15,0.347,0.196,-0.151,0.196,-0.151,27.88,6.11,-48.68,-61.22,-12.54,878,878
JPM,RF,2024-01-01,60,0.2,0.347,0.175,-0.172,0.175,-0.172,27.88,3.11,-48.68,-61.22,-12.54,950,950
JPM,RF,2024-01-01,65,0.08,0.347,0.395,0.048,0.395,0.048,27.88,36.36,-48.68,-49.62,-0.94,506,506
JPM,RF,2024-01-01,65,0.12,0.347,0.311,-0.036,0.311,-0.036,27.88,23.37,-48.68,-49.47,-0.79,645,645
JPM,RF,2024-01-01,65,0.15,0.347,0.216,-0.131,0.216,-0.131,27.88,9.2,-48.68,-61.22,-12.54,765,765
JPM,RF,2024-01-01,65,0.2,0.347,0.252,-0.095,0.252,-0.095,27.88,14.09,-48.68,-61.22,-12.54,908,908
JPM,LR,2023-01-01,0,0.08,-0.254,-0.124,0.13,0.127,0.381,-31.78,-27.23,-59.3,-63.44,-4.14,696,873
JPM,LR,2023-01-01,0,0.12,-0.254,0.166,0.42,0.127,0.381,-31.78,0.69,-59.3,-60.51,-1.21,875,930
JPM,LR,2023-01-01,0,0.15,-0.254,0.075,0.329,0.127,0.381,-31.78,-9.87,-59.3,-60.51,-1.21,903,944
JPM,LR,2023-01-01,0,0.2,-0.254,0.156,0.41,0.127,0.381,-31.78,-0.68,-59.3,-60.51,-1.21,934,959
JPM,LR,2023-01-01,50,0.08,-0.254,-0.24,0.014,-0.24,0.014,-31.78,-34.86,-59.3,-61.31,-2.01,538,538
JPM,LR,2023-01-01,50,0.12,-0.254,-0.007,0.247,-0.007,0.247,-31.78,-16.47,-59.3,-60.5,-1.2,742,742
JPM,LR,2023-01-01,50,0.15,-0.254,-0.134,0.12,-0.134,0.12,-31.78,-28.19,-59.3,-60.5,-1.2,781,781
JPM,LR,2023-01-01,50,0.2,-0.254,0.011,0.265,0.011,0.265,-31.78,-16.69,-59.3,-60.51,-1.21,886,886
JPM,LR,2023-01-01,55,0.08,-0.254,-0.296,-0.042,-0.296,-0.042,-31.78,-38.4,-59.3,-61.53,-2.23,494,494
JPM,LR,2023-01-01,55,0.12,-0.254,-0.051,0.203,-0.051,0.203,-31.78,-20.28,-59.3,-60.5,-1.2,699,699
JPM,LR,2023-01-01,55,0.15,-0.254,-0.17,0.084,-0.17,0.084,-31.78,-30.84,-59.3,-60.5,-1.2,738,738
JPM,LR,2023-01-01,55,0.2,-0.254,-0.021,0.233,-0.021,0.233,-31.78,-19.88,-59.3,-60.51,-1.21,881,881
JPM,LR,2023-01-01,60,0.08,-0.254,-0.394,-0.14,-0.394,-0.14,-31.78,-43.79,-59.3,-64.83,-5.53,454,454
JPM,LR,2023-01-01,60,0.12,-0.254,-0.119,0.135,-0.119,0.135,-31.78,-25.53,-59.3,-60.5,-1.2,677,677
JPM,LR,2023-01-01,60,0.15,-0.254,-0.222,0.032,-0.222,0.032,-31.78,-34.09,-59.3,-60.5,-1.2,716,716
JPM,LR,2023-01-01,60,0.2,-0.254,-0.159,0.095,-0.159,0.095,-31.78,-30.62,-59.3,-61.44,-2.14,828,828
JPM,LR,2023-01-01,65,0.08,-0.254,-0.326,-0.072,-0.326,-0.072,-31.78,-37.94,-59.3,-53.75,5.55,366,366
JPM,LR,2023-01-01,65,0.12,-0.254,-0.15,0.104,-0.15,0.104,-31.78,-27.62,-59.3,-60.59,-1.29,600,600
JPM,LR,2023-01-01,65,0.15,-0.254,-0.197,0.057,-0.197,0.057,-31.78,-31.46,-59.3,-60.59,-1.29,610,610
JPM,LR,2023-01-01,65,0.2,-0.254,-0.195,0.059,-0.195,0.059,-31.78,-32.58,-59.3,-60.59,-1.29,705,705
JPM,RF,2023-01-01,0,0.08,0.063,0.219,0.156,0.127,0.064,-6.83,8.17,-41.12,-44.49,-3.37,799,885
JPM,RF,2023-01-01,0,0.12,0.063,0.367,0.304,0.127,0.064,-6.83,29.33,-41.12,-46.65,-5.53,897,908
JPM,RF,2023-01-01,0,0.15,0.063,-0.113,-0.176,0.127,0.064,-6.83,-28.11,-41.12,-59.06,-17.94,879,930
JPM,RF,2023-01-01,0,0.2,0.063,0.06,-0.003,0.127,0.064,-6.83,-11.54,-41.12,-59.06,-17.94,904,964
JPM,RF,2023-01-01,50,0.08,0.063,0.218,0.155,0.218,0.155,-6.83,8.34,-41.12,-44.49,-3.37,655,655
JPM,RF,2023-01-01,50,0.12,0.063,0.16,0.097,0.16,0.097,-6.83,1.07,-41.12,-46.65,-5.53,755,755
JPM,RF,2023-01-01,50,0.15,0.063,-0.024,-0.087,-0.024,-0.087,-6.83,-19.77,-41.12,-55.88,-14.76,805,805
JPM,RF,2023-01-01,50,0.2,0.063,0.043,-0.02,0.043,-0.02,-6.83,-13.12,-41.12,-55.88,-14.76,849,849
JPM,RF,2023-01-01,55,0.08,0.063,0.301,0.238,0.301,0.238,-6.83,19.24,-41.12,-44.49,-3.37,607,607
JPM,RF,2023-01-01,55,0.12,0.063,0.215,0.152,0.215,0.152,-6.83,7.89,-41.12,-46.64,-5.52,716,716
JPM,RF,2023-01-01,55,0.15,0.063,0.054,-0.009,0.054,-0.009,-6.83,-11.37,-41.12,-55.87,-14.75,753,753
JPM,RF,2023-01-01,55,0.2,0.063,0.166,0.103,0.166,0.103,-6.83,1.16,-41.12,-55.87,-14.75,824,824
JPM,RF,2023-01-01,60,0.08,0.063,0.201,0.138,0.201,0.138,-6.83,6.7,-41.12,-44.49,-3.37,561,561
JPM,RF,2023-01-01,60,0.12,0.063,0.208,0.145,0.208,0.145,-6.83,7.1,-41.12,-46.64,-5.52,711,711
JPM,RF,2023-01-01,60,0.15,0.063,0.048,-0.015,0.048,-0.015,-6.83,-12.02,-41.12,-55.87,-14.75,748,748
JPM,RF,2023-01-01,60,0.2,0.063,0.123,0.06,0.123,0.06,-6.83,-3.97,-41.12,-55.87,-14.75,819,819
JPM,RF,2023-01-01,65,0.08,0.063,-0.015,-0.078,-0.015,-0.078,-6.83,-15.1,-41.12,-44.49,-3.37,397,397
JPM,RF,2023-01-01,65,0.12,0.063,0.166,0.103,0.166,0.103,-6.83,2.17,-41.12,-46.64,-5.52,677,677
JPM,RF,2023-01-01,65,0.15,0.063,-0.061,-0.124,-0.061,-0.124,-6.83,-22.12,-41.12,-59.05,-17.93,714,714
JPM,RF,2023-01-01,65,0.2,0.063,0.013,-0.05,0.013,-0.05,-6.83,-15.38,-41.12,-59.05,-17.93,791,791
JPM,LR,2022-01-01,0,0.08,-0.134,0.123,0.257,0.438,0.572,-20.05,-2.1,-48.39,-58.92,-10.53,588,709
JPM,LR,2022-01-01,0,0.12,-0.134,0.108,0.242,0.438,0.572,-20.05,-3.67,-48.39,-58.92,-10.53,701,804
JPM,LR,2022-01-01,0,0.15,-0.134,0.113,0.247,0.438,0.572,-20.05,-3.33,-48.39,-58.92,-10.53,743,815
JPM,LR,2022-01-01,0,0.2,-0.134,0.062,0.196,0.438,0.572,-20.05,-8.06,-48.39,-58.92,-10.53,762,830
JPM,LR,2022-01-01,50,0.08,-0.134,-0.103,0.031,-0.027,0.107,-20.05,-19.01,-48.39,-48.85,-0.46,401,423
JPM,LR,2022-01-01,50,0.12,-0.134,-0.09,0.044,-0.09,0.044,-20.05,-20.1,-48.39,-61.71,-13.32,687,687
JPM,LR,2022-01-01,50,0.15,-0.134,0.032,0.166,0.032,0.166,-20.05,-10.6,-48.39,-58.92,-10.53,724,724
JPM,LR,2022-01-01,50,0.2,-0.134,0.054,0.188,0.054,0.188,-20.05,-8.73,-48.39,-58.92,-10.53,744,744
JPM,LR,2022-01-01,55,0.08,-0.134,-0.145,-0.011,-0.145,-0.011,-20.05,-21.61,-48.39,-49.3,-0.91,300,300
JPM,LR,2022-01-01,55,0.12,-0.134,-0.13,0.004,-0.13,0.004,-20.05,-22.81,-48.39,-61.1,-12.71,593,593
JPM,LR,2022-01-01,55,0.15,-0.134,-0.007,0.127,-0.007,0.127,-20.05,-13.63,-48.39,-58.92,-10.53,630,630
JPM,LR,2022-01-01,55,0.2,-0.134,0.054,0.188,0.054,0.188,-20.05,-8.73,-48.39,-58.92,-10.53,744,744
JPM,LR,2022-01-01,60,0.08,-0.134,-0.148,-0.014,-0.148,-0.014,-20.05,-21.43,-48.39,-51.68,-3.29,238,238
JPM,LR,2022-01-01,60,0.12,-0.134,-0.063,0.071,-0.063,0.071,-20.05,-16.95,-48.39,-58.92,-10.53,497,497
JPM,LR,2022-01-01,60,0.15,-0.134,-0.063,0.071,-0.063,0.071,-20.05,-16.95,-48.39,-58.92,-10.53,498,498
JPM,LR,2022-01-01,60,0.2,-0.134,-0.063,0.071,-0.063,0.071,-20.05,-16.95,-48.39,-58.92,-10.53,503,503
JPM,LR,2022-01-01,65,0.08,-0.134,-0.149,-0.015,-0.149,-0.015,-20.05,-21.46,-48.39,-51.54,-3.15,207,207
JPM,LR,2022-01-01,65,0.12,-0.134,-0.063,0.071,-0.063,0.071,-20.05,-16.95,-48.39,-58.92,-10.53,497,497
JPM,LR,2022-01-01,65,0.15,-0.134,-0.063,0.071,-0.063,0.071,-20.05,-16.95,-48.39,-58.92,-10.53,498,498
JPM,LR,2022-01-01,65,0.2,-0.134,-0.063,0.071,-0.063,0.071,-20.05,-16.95,-48.39,-58.92,-10.53,503,503
JPM,RF,2022-01-01,0,0.08,0.08,0.463,0.383,0.245,0.165,-5.37,37.89,-46.34,-46.88,-0.54,708,716
JPM,RF,2022-01-01,0,0.12,0.08,0.388,0.308,0.21,0.13,-5.37,27.57,-46.34,-48.93,-2.59,746,751
JPM,RF,2022-01-01,0,0.15,0.08,0.237,0.157,0.237,0.157,-5.37,8.65,-46.34,-57.76,-11.42,776,776
JPM,RF,2022-01-01,0,0.2,0.08,0.237,0.157,0.237,0.157,-5.37,8.65,-46.34,-57.76,-11.42,796,796
JPM,RF,2022-01-01,50,0.08,0.08,0.422,0.342,0.422,0.342,-5.37,31.88,-46.34,-46.88,-0.54,609,609
JPM,RF,2022-01-01,50,0.12,0.08,0.379,0.299,0.379,0.299,-5.37,26.34,-46.34,-48.93,-2.59,735,735
JPM,RF,2022-01-01,50,0.15,0.08,0.228,0.148,0.228,0.148,-5.37,7.6,-46.34,-57.76,-11.42,765,765
JPM,RF,2022-01-01,50,0.2,0.08,0.25,0.17,0.25,0.17,-5.37,10.21,-46.34,-57.76,-11.42,794,794
JPM,RF,2022-01-01,55,0.08,0.08,0.456,0.376,0.456,0.376,-5.37,36.41,-46.34,-46.88,-0.54,562,562
JPM,RF,2022-01-01,55,0.12,0.08,0.475,0.395,0.475,0.395,-5.37,39.6,-46.34,-48.93,-2.59,681,681
JPM,RF,2022-01-01,55,0.15,0.08,0.293,0.213,0.293,0.213,-5.37,15.46,-46.34,-57.76,-11.42,694,694
JPM,RF,2022-01-01,55,0.2,0.08,0.512,0.432,0.512,0.432,-5.37,47.64,-46.34,-47.11,-0.77,733,733
JPM,RF,2022-01-01,60,0.08,0.08,0.446,0.366,0.446,0.366,-5.37,34.99,-46.34,-46.88,-0.54,555,555
JPM,RF,2022-01-01,60,0.12,0.08,0.475,0.395,0.475,0.395,-5.37,39.6,-46.34,-48.93,-2.59,681,681
JPM,RF,2022-01-01,60,0.15,0.08,0.293,0.213,0.293,0.213,-5.37,15.46,-46.34,-57.76,-11.42,694,694
JPM,RF,2022-01-01,60,0.2,0.08,0.512,0.432,0.512,0.432,-5.37,47.64,-46.34,-47.11,-0.77,733,733
JPM,RF,2022-01-01,65,0.08,0.08,0.388,0.308,0.388,0.308,-5.37,27.14,-46.34,-46.88,-0.54,474,474
JPM,RF,2022-01-01,65,0.12,0.08,0.483,0.403,0.483,0.403,-5.37,40.36,-46.34,-48.93,-2.59,615,615
JPM,RF,2022-01-01,65,0.15,0.08,0.298,0.218,0.298,0.218,-5.37,16.09,-46.34,-57.76,-11.42,628,628
JPM,RF,2022-01-01,65,0.2,0.08,0.518,0.438,0.518,0.438,-5.37,48.71,-46.34,-47.11,-0.77,727,727
JPM,LR,2021-01-01,0,0.08,-0.788,-0.644,0.144,-0.028,0.76,-50.08,-47.92,-64.3,-62.4,1.9,474,658
JPM,LR,2021-01-01,0,0.12,-0.788,-0.43,0.358,-0.028,0.76,-50.08,-39.16,-64.3,-59.19,5.11,562,683
JPM,LR,2021-01-01,0,0.15,-0.788,-0.147,0.641,-0.028,0.76,-50.08,-23.71,-64.3,-56.64,7.66,631,693
JPM,LR,2021-01-01,0,0.2,-0.788,-0.193,0.595,-0.028,0.76,-50.08,-26.81,-64.3,-56.64,7.66,646,704
JPM,LR,2021-01-01,50,0.08,-0.788,-0.703,0.085,-0.625,0.163,-50.08,-49.88,-64.3,-63.81,0.49,424,438
JPM,LR,2021-01-01,50,0.12,-0.788,-0.361,0.427,-0.361,0.427,-50.08,-35.26,-64.3,-59.19,5.11,551,551
JPM,LR,2021-01-01,50,0.15,-0.788,-0.176,0.612,-0.176,0.612,-50.08,-25.59,-64.3,-56.64,7.66,625,625
JPM,LR,2021-01-01,50,0.2,-0.788,-0.193,0.595,-0.193,0.595,-50.08,-26.81,-64.3,-56.64,7.66,646,646
JPM,LR,2021-01-01,55,0.08,-0.788,-0.717,0.071,-0.717,0.071,-50.08,-50.18,-64.3,-64.03,0.27,370,370
JPM,LR,2021-01-01,55,0.12,-0.788,-0.471,0.317,-0.471,0.317,-50.08,-40.6,-64.3,-60.03,4.27,481,481
JPM,LR,2021-01-01,55,0.15,-0.788,-0.279,0.509,-0.279,0.509,-50.08,-31.73,-64.3,-56.64,7.66,555,555
JPM,LR,2021-01-01,55,0.2,-0.788,-0.193,0.595,-0.193,0.595,-50.08,-26.81,-64.3,-56.64,7.66,646,646
JPM,LR,2021-01-01,60,0.08,-0.788,-0.704,0.084,-0.704,0.084,-50.08,-49.11,-64.3,-64.19,0.11,293,293
JPM,LR,2021-01-01,60,0.12,-0.788,-0.461,0.327,-0.461,0.327,-50.08,-38.9,-64.3,-58.92,5.38,381,381
JPM,LR,2021-01-01,60,0.15,-0.788,-0.461,0.327,-0.461,0.327,-50.08,-39.43,-64.3,-58.92,5.38,427,427
JPM,LR,2021-01-01,60,0.2,-0.788,-0.444,0.344,-0.444,0.344,-50.08,-38.96,-64.3,-59.46,4.84,518,518
JPM,LR,2021-01-01,65,0.08,-0.788,-0.701,0.087,-0.701,0.087,-50.08,-47.78,-64.3,-63.66,0.64,256,256
JPM,LR,2021-01-01,65,0.12,-0.788,-0.542,0.246,-0.542,0.246,-50.08,-41.41,-64.3,-63.64,0.66,328,328
JPM,LR,2021-01-01,65,0.15,-0.788,-0.572,0.216,-0.572,0.216,-50.08,-43.34,-64.3,-63.64,0.66,365,365
JPM,LR,2021-01-01,65,0.2,-0.788,-0.628,0.16,-0.628,0.16,-50.08,-45.86,-64.3,-63.64,0.66,374,374
JPM,RF,2021-01-01,0,0.08,0.082,0.112,0.03,-0.028,-0.11,-4.87,-4.09,-49.69,-50.66,-0.97,603,650
JPM,RF,2021-01-01,0,0.12,0.082,-0.067,-0.149,-0.028,-0.11,-4.87,-18.46,-49.69,-52.57,-2.88,608,676
JPM,RF,2021-01-01,0,0.15,0.082,-0.069,-0.151,-0.028,-0.11,-4.87,-20.35,-49.69,-57.76,-8.07,679,694
JPM,RF,2021-01-01,0,0.2,0.082,-0.094,-0.176,-0.028,-0.11,-4.87,-22.24,-49.69,-57.76,-8.07,689,703
JPM,RF,2021-01-01,50,0.08,0.082,0.039,-0.043,0.039,-0.043,-4.87,-9.78,-49.69,-50.66,-0.97,498,498
JPM,RF,2021-01-01,50,0.12,0.082,-0.044,-0.126,-0.044,-0.126,-4.87,-16.56,-49.69,-52.57,-2.88,586,586
JPM,RF,2021-01-01,50,0.15,0.082,-0.131,-0.213,-0.131,-0.213,-4.87,-24.38,-49.69,-60.81,-11.12,657,657
JPM,RF,2021-01-01,50,0.2,0.082,-0.213,-0.295,-0.213,-0.295,-4.87,-30.21,-49.69,-60.81,-11.12,678,678
JPM,RF,2021-01-01,55,0.08,0.082,0.02,-0.062,0.02,-0.062,-4.87,-11.23,-49.69,-50.66,-0.97,472,472
JPM,RF,2021-01-01,55,0.12,0.082,-0.078,-0.16,-0.078,-0.16,-4.87,-18.97,-49.69,-52.57,-2.88,565,565
JPM,RF,2021-01-01,55,0.15,0.082,-0.163,-0.245,-0.163,-0.245,-4.87,-26.56,-49.69,-60.81,-11.12,636,636
JPM,RF,2021-01-01,55,0.2,0.082,-0.213,-0.295,-0.213,-0.295,-4.87,-30.21,-49.69,-60.81,-11.12,678,678
JPM,RF,2021-01-01,60,0.08,0.082,-0.03,-0.112,-0.03,-0.112,-4.87,-14.66,-49.69,-50.66,-0.97,436,436
JPM,RF,2021-01-01,60,0.12,0.082,-0.068,-0.15,-0.068,-0.15,-4.87,-17.72,-49.69,-52.57,-2.88,521,521
JPM,RF,2021-01-01,60,0.15,0.082,-0.109,-0.191,-0.109,-0.191,-4.87,-22.41,-49.69,-60.81,-11.12,582,582
JPM,RF,2021-01-01,60,0.2,0.082,-0.16,-0.242,-0.16,-0.242,-4.87,-26.27,-49.69,-60.81,-11.12,624,624
JPM,RF,2021-01-01,65,0.08,0.082,-0.005,-0.087,-0.005,-0.087,-4.87,-12.48,-49.69,-50.66,-0.97,400,400
JPM,RF,2021-01-01,65,0.12,0.082,-0.072,-0.154,-0.072,-0.154,-4.87,-17.68,-49.69,-52.57,-2.88,467,467
JPM,RF,2021-01-01,65,0.15,0.082,-0.114,-0.196,-0.114,-0.196,-4.87,-22.38,-49.69,-60.81,-11.12,528,528
JPM,RF,2021-01-01,65,0.2,0.082,-0.134,-0.216,-0.134,-0.216,-4.87,-24.45,-49.69,-60.81,-11.12,616,616
IBM,LR,2024-01-01,0,0.08,0.534,0.582,0.048,0.578,0.044,49.98,64.01,-30.17,-32.04,-1.87,971,1039
IBM,LR,2024-01-01,0,0.12,0.534,0.548,0.014,0.578,0.044,49.98,57.64,-30.17,-30.17,0.0,1043,1069
IBM,LR,2024-01-01,0,0.15,0.534,0.57,0.036,0.578,0.044,49.98,61.32,-30.17,-31.72,-1.55,1056,1094
IBM,LR,2024-01-01,0,0.2,0.534,0.52,-0.014,0.578,0.044,49.98,53.43,-30.17,-32.04,-1.87,1087,1106
IBM,LR,2024-01-01,50,0.08,0.534,0.63,0.096,0.63,0.096,49.98,69.66,-30.17,-30.17,0.0,693,693
IBM,LR,2024-01-01,50,0.12,0.534,0.665,0.131,0.665,0.131,49.98,76.68,-30.17,-30.17,0.0,848,848
IBM,LR,2024-01-01,50,0.15,0.534,0.644,0.11,0.644,0.11,49.98,73.74,-30.17,-31.72,-1.55,904,904
IBM,LR,2024-01-01,50,0.2,0.534,0.545,0.011,0.545,0.011,49.98,57.47,-30.17,-32.04,-1.87,1034,1034
IBM,LR,2024-01-01,55,0.08,0.534,0.583,0.049,0.583,0.049,49.98,61.53,-30.17,-30.17,0.0,624,624
IBM,LR,2024-01-01,55,0.12,0.534,0.643,0.109,0.643,0.109,49.98,72.63,-30.17,-30.17,0.0,793,793
IBM,LR,2024-01-01,55,0.15,0.534,0.623,0.089,0.623,0.089,49.98,69.76,-30.17,-31.72,-1.55,849,849
IBM,LR,2024-01-01,55,0.2,0.534,0.545,0.011,0.545,0.011,49.98,57.47,-30.17,-32.04,-1.87,1034,1034
IBM,LR,2024-01-01,60,0.08,0.534,0.474,-0.06,0.474,-0.06,49.98,43.12,-30.17,-34.02,-3.85,498,498
IBM,LR,2024-01-01,60,0.12,0.534,0.587,0.053,0.587,0.053,49.98,61.44,-30.17,-34.02,-3.85,714,714
IBM,LR,2024-01-01,60,0.15,0.534,0.546,0.012,0.546,0.012,49.98,55.22,-30.17,-32.19,-2.02,770,770
IBM,LR,2024-01-01,60,0.2,0.534,0.435,-0.099,0.435,-0.099,49.98,39.28,-30.17,-35.85,-5.68,992,992
IBM,LR,2024-01-01,65,0.08,0.534,0.485,-0.049,0.485,-0.049,49.98,44.51,-30.17,-34.06,-3.89,390,390
IBM,LR,2024-01-01,65,0.12,0.534,0.544,0.01,0.544,0.01,49.98,54.0,-30.17,-34.06,-3.89,568,568
IBM,LR,2024-01-01,65,0.15,0.534,0.432,-0.102,0.432,-0.102,49.98,37.6,-30.17,-37.02,-6.85,591,591
IBM,LR,2024-01-01,65,0.2,0.534,0.369,-0.165,0.369,-0.165,49.98,29.53,-30.17,-39.25,-9.08,862,862
IBM,RF,2024-01-01,0,0.08,0.404,0.563,0.159,0.607,0.203,31.7,62.66,-27.61,-29.16,-1.55,1001,1043
IBM,RF,2024-01-01,0,0.12,0.404,0.557,0.153,0.607,0.203,31.7,61.69,-27.61,-33.46,-5.85,1046,1074
IBM,RF,2024-01-01,0,0.15,0.404,0.448,0.044,0.427,0.023,31.7,42.26,-27.61,-33.46,-5.85,1025,1041
IBM,RF,2024-01-01,0,0.2,0.404,0.607,0.203,0.607,0.203,31.7,71.98,-27.61,-33.46,-5.85,1087,1087
IBM,RF,2024-01-01,50,0.08,0.404,0.614,0.21,0.614,0.21,31.7,67.52,-27.61,-22.63,4.98,743,743
IBM,RF,2024-01-01,50,0.12,0.404,0.667,0.263,0.667,0.263,31.7,78.03,-27.61,-24.61,3.0,868,868
IBM,RF,2024-01-01,50,0.15,0.404,0.676,0.272,0.676,0.272,31.7,80.68,-27.61,-19.71,7.9,915,915
IBM,RF,2024-01-01,50,0.2,0.404,0.51,0.106,0.51,0.106,31.7,52.2,-27.61,-33.46,-5.85,1019,1019
IBM,RF,2024-01-01,55,0.08,0.404,0.597,0.193,0.597,0.193,31.7,64.41,-27.61,-22.63,4.98,726,726
IBM,RF,2024-01-01,55,0.12,0.404,0.642,0.238,0.642,0.238,31.7,73.36,-27.61,-24.61,3.0,856,856
IBM,RF,2024-01-01,55,0.15,0.404,0.651,0.247,0.651,0.247,31.7,75.93,-27.61,-19.71,7.9,903,903
IBM,RF,2024-01-01,55,0.2,0.404,0.489,0.085,0.489,0.085,31.7,48.72,-27.61,-33.46,-5.85,1011,1011
IBM,RF,2024-01-01,60,0.08,0.404,0.657,0.253,0.657,0.253,31.7,74.95,-27.61,-22.63,4.98,707,707
IBM,RF,2024-01-01,60,0.12,0.404,0.642,0.238,0.642,0.238,31.7,73.36,-27.61,-24.61,3.0,856,856
IBM,RF,2024-01-01,60,0.15,0.404,0.651,0.247,0.651,0.247,31.7,75.93,-27.61,-19.71,7.9,903,903
IBM,RF,2024-01-01,60,0.2,0.404,0.489,0.085,0.489,0.085,31.7,48.72,-27.61,-33.46,-5.85,1011,1011
IBM,RF,2024-01-01,65,0.08,0.404,0.501,0.097,0.501,0.097,31.7,47.56,-27.61,-27.61,0.0,503,503
IBM,RF,2024-01-01,65,0.12,0.404,0.53,0.126,0.53,0.126,31.7,53.15,-27.61,-28.01,-0.4,755,755
IBM,RF,2024-01-01,65,0.15,0.404,0.482,0.078,0.482,0.078,31.7,45.83,-27.61,-28.01,-0.4,775,775
IBM,RF,2024-01-01,65,0.2,0.404,0.333,-0.071,0.333,-0.071,31.7,25.2,-27.61,-40.34,-12.73,903,903
IBM,LR,2023-01-01,0,0.08,0.652,0.42,-0.232,0.487,-0.165,56.99,33.76,-31.02,-32.48,-1.46,884,909
IBM,LR,2023-01-01,0,0.12,0.652,0.435,-0.217,0.487,-0.165,56.99,35.59,-31.02,-30.62,0.4,924,952
IBM,LR,2023-01-01,0,0.15,0.652,0.464,-0.188,0.487,-0.165,56.99,39.46,-31.02,-32.17,-1.15,943,980
IBM,LR,2023-01-01,0,0.2,0.652,0.411,-0.241,0.487,-0.165,56.99,32.64,-31.02,-32.48,-1.46,961,980
IBM,LR,2023-01-01,50,0.08,0.652,0.412,-0.24,0.412,-0.24,56.99,31.73,-31.02,-30.62,0.4,614,614
IBM,LR,2023-01-01,50,0.12,0.652,0.409,-0.243,0.409,-0.243,56.99,31.68,-31.02,-30.62,0.4,786,786
IBM,LR,2023-01-01,50,0.15,0.652,0.481,-0.171,0.481,-0.171,56.99,41.61,-31.02,-32.17,-1.15,857,857
IBM,LR,2023-01-01,50,0.2,0.652,0.386,-0.266,0.386,-0.266,56.99,29.37,-31.02,-32.48,-1.46,926,926
IBM,LR,2023-01-01,55,0.08,0.652,0.429,-0.223,0.429,-0.223,56.99,33.87,-31.02,-30.62,0.4,551,551
IBM,LR,2023-01-01,55,0.12,0.652,0.46,-0.192,0.46,-0.192,56.99,38.27,-31.02,-30.62,0.4,735,735
IBM,LR,2023-01-01,55,0.15,0.652,0.481,-0.171,0.481,-0.171,56.99,41.61,-31.02,-32.17,-1.15,857,857
IBM,LR,2023-01-01,55,0.2,0.652,0.386,-0.266,0.386,-0.266,56.99,29.37,-31.02,-32.48,-1.46,926,926
IBM,LR,2023-01-01,60,0.08,0.652,0.198,-0.454,0.198,-0.454,56.99,7.53,-31.02,-34.72,-3.7,422,422
IBM,LR,2023-01-01,60,0.12,0.652,0.316,-0.336,0.316,-0.336,56.99,20.16,-31.02,-34.72,-3.7,647,647
IBM,LR,2023-01-01,60,0.15,0.652,0.367,-0.285,0.367,-0.285,56.99,26.39,-31.02,-32.63,-1.61,820,820
IBM,LR,2023-01-01,60,0.2,0.652,0.252,-0.4,0.252,-0.4,56.99,13.06,-31.02,-36.27,-5.25,889,889
IBM,LR,2023-01-01,65,0.08,0.652,0.363,-0.289,0.363,-0.289,56.99,24.86,-31.02,-34.75,-3.73,333,333
IBM,LR,2023-01-01,65,0.12,0.652,0.32,-0.332,0.32,-0.332,56.99,20.48,-31.02,-34.75,-3.73,546,546
IBM,LR,2023-01-01,65,0.15,0.652,0.267,-0.385,0.267,-0.385,56.99,14.67,-31.02,-39.07,-8.05,695,695
IBM,LR,2023-01-01,65,0.2,0.652,0.206,-0.446,0.206,-0.446,56.99,8.06,-31.02,-41.5,-10.48,890,890
IBM,RF,2023-01-01,0,0.08,0.375,0.564,0.189,0.509,0.134,23.89,55.83,-18.55,-24.15,-5.6,904,910
IBM,RF,2023-01-01,0,0.12,0.375,0.515,0.14,0.509,0.134,23.89,48.21,-18.55,-24.15,-5.6,933,941
IBM,RF,2023-01-01,0,0.15,0.375,0.205,-0.17,0.205,-0.17,23.89,7.44,-18.55,-43.39,-24.84,958,958
IBM,RF,2023-01-01,0,0.2,0.375,0.509,0.134,0.509,0.134,23.89,47.36,-18.55,-24.15,-5.6,962,962
IBM,RF,2023-01-01,50,0.08,0.375,0.546,0.171,0.546,0.171,23.89,48.78,-18.55,-17.8,0.75,637,637
IBM,RF,2023-01-01,50,0.12,0.375,0.473,0.098,0.473,0.098,23.89,39.66,-18.55,-19.9,-1.35,822,822
IBM,RF,2023-01-01,50,0.15,0.375,0.453,0.078,0.453,0.078,23.89,37.3,-18.55,-17.87,0.68,875,875
IBM,RF,2023-01-01,50,0.2,0.375,0.281,-0.094,0.281,-0.094,23.89,16.38,-18.55,-29.11,-10.56,917,917
IBM,RF,2023-01-01,55,0.08,0.375,0.542,0.167,0.542,0.167,23.89,47.72,-18.55,-17.8,0.75,603,603
IBM,RF,2023-01-01,55,0.12,0.375,0.471,0.096,0.471,0.096,23.89,39.19,-18.55,-19.9,-1.35,809,809
IBM,RF,2023-01-01,55,0.15,0.375,0.451,0.076,0.451,0.076,23.89,36.84,-18.55,-17.87,0.68,862,862
IBM,RF,2023-01-01,55,0.2,0.375,0.281,-0.094,0.281,-0.094,23.89,16.38,-18.55,-29.11,-10.56,917,917
IBM,RF,2023-01-01,60,0.08,0.375,0.531,0.156,0.531,0.156,23.89,46.07,-18.55,-17.8,0.75,579,579
IBM,RF,2023-01-01,60,0.12,0.375,0.471,0.096,0.471,0.096,23.89,39.19,-18.55,-19.9,-1.35,809,809
IBM,RF,2023-01-01,60,0.15,0.375,0.451,0.076,0.451,0.076,23.89,36.84,-18.55,-17.87,0.68,862,862
IBM,RF,2023-01-01,60,0.2,0.375,0.281,-0.094,0.281,-0.094,23.89,16.38,-18.55,-29.11,-10.56,917,917
IBM,RF,2023-01-01,65,0.08,0.375,0.264,-0.111,0.264,-0.111,23.89,14.17,-18.55,-20.43,-1.88,484,484
IBM,RF,2023-01-01,65,0.12,0.375,0.404,0.029,0.404,0.029,23.89,30.56,-18.55,-19.9,-1.35,793,793
IBM,RF,2023-01-01,65,0.15,0.375,0.433,0.058,0.433,0.058,23.89,34.48,-18.55,-17.87,0.68,853,853
IBM,RF,2023-01-01,65,0.2,0.375,0.281,-0.094,0.281,-0.094,23.89,16.38,-18.55,-29.11,-10.56,917,917
IBM,LR,2022-01-01,0,0.08,0.026,0.347,0.321,0.274,0.248,-6.61,21.47,-36.66,-37.42,-0.76,729,788
IBM,LR,2022-01-01,0,0.12,0.026,0.288,0.262,0.274,0.248,-6.61,15.01,-36.66,-37.42,-0.76,758,803
IBM,LR,2022-01-01,0,0.15,0.026,0.408,0.382,0.274,0.248,-6.61,28.44,-36.66,-37.13,-0.47,784,842
IBM,LR,2022-01-01,0,0.2,0.026,0.352,0.326,0.274,0.248,-6.61,22.15,-36.66,-37.42,-0.76,807,848
IBM,LR,2022-01-01,50,0.08,0.026,0.212,0.186,0.212,0.186,-6.61,7.51,-36.66,-37.13,-0.47,478,478
IBM,LR,2022-01-01,50,0.12,0.026,0.296,0.27,0.296,0.27,-6.61,15.75,-36.66,-37.56,-0.9,606,606
IBM,LR,2022-01-01,50,0.15,0.026,0.412,0.386,0.412,0.386,-6.61,28.77,-36.66,-37.13,-0.47,694,694
IBM,LR,2022-01-01,50,0.2,0.026,0.291,0.265,0.291,0.265,-6.61,15.32,-36.66,-37.42,-0.76,755,755
IBM,LR,2022-01-01,55,0.08,0.026,0.212,0.186,0.212,0.186,-6.61,7.51,-36.66,-37.13,-0.47,478,478
IBM,LR,2022-01-01,55,0.12,0.026,0.296,0.27,0.296,0.27,-6.61,15.75,-36.66,-37.56,-0.9,606,606
IBM,LR,2022-01-01,55,0.15,0.026,0.412,0.386,0.412,0.386,-6.61,28.77,-36.66,-37.13,-0.47,694,694
IBM,LR,2022-01-01,55,0.2,0.026,0.291,0.265,0.291,0.265,-6.61,15.32,-36.66,-37.42,-0.76,755,755
IBM,LR,2022-01-01,60,0.08,0.026,0.175,0.149,0.175,0.149,-6.61,4.22,-36.66,-37.13,-0.47,381,381
IBM,LR,2022-01-01,60,0.12,0.026,0.205,0.179,0.205,0.179,-6.61,6.68,-36.66,-37.56,-0.9,565,565
IBM,LR,2022-01-01,60,0.15,0.026,0.298,0.272,0.298,0.272,-6.61,16.04,-36.66,-37.13,-0.47,653,653
IBM,LR,2022-01-01,60,0.2,0.026,0.217,0.191,0.217,0.191,-6.61,7.72,-36.66,-37.42,-0.76,714,714
IBM,LR,2022-01-01,65,0.08,0.026,0.139,0.113,0.139,0.113,-6.61,1.2,-36.66,-37.02,-0.36,249,249
IBM,LR,2022-01-01,65,0.12,0.026,0.179,0.153,0.179,0.153,-6.61,4.37,-36.66,-37.56,-0.9,508,508
IBM,LR,2022-01-01,65,0.15,0.026,0.254,0.228,0.254,0.228,-6.61,11.55,-36.66,-37.13,-0.47,535,535
IBM,LR,2022-01-01,65,0.2,0.026,0.188,0.162,0.188,0.162,-6.61,5.11,-36.66,-37.42,-0.76,594,594
IBM,RF,2022-01-01,0,0.08,0.494,0.237,-0.257,0.274,-0.22,35.91,9.55,-30.53,-43.21,-12.68,722,761
IBM,RF,2022-01-01,0,0.12,0.494,0.242,-0.252,0.274,-0.22,35.91,10.0,-30.53,-40.37,-9.84,761,784
IBM,RF,2022-01-01,0,0.15,0.494,0.242,-0.252,0.274,-0.22,35.91,10.0,-30.53,-40.37,-9.84,782,817
IBM,RF,2022-01-01,0,0.2,0.494,0.252,-0.242,0.274,-0.22,35.91,11.0,-30.53,-40.37,-9.84,792,816
IBM,RF,2022-01-01,50,0.08,0.494,0.473,-0.021,0.473,-0.021,35.91,36.11,-30.53,-31.06,-0.53,533,533
IBM,RF,2022-01-01,50,0.12,0.494,0.26,-0.234,0.26,-0.234,35.91,12.08,-30.53,-31.06,-0.53,622,622
IBM,RF,2022-01-01,50,0.15,0.494,0.295,-0.199,0.295,-0.199,35.91,15.83,-30.53,-31.06,-0.53,697,697
IBM,RF,2022-01-01,50,0.2,0.494,0.183,-0.311,0.183,-0.311,35.91,3.94,-30.53,-43.21,-12.68,751,751
IBM,RF,2022-01-01,55,0.08,0.494,0.505,0.011,0.505,0.011,35.91,40.07,-30.53,-31.06,-0.53,478,478
IBM,RF,2022-01-01,55,0.12,0.494,0.318,-0.176,0.318,-0.176,35.91,18.31,-30.53,-31.06,-0.53,575,575
IBM,RF,2022-01-01,55,0.15,0.494,0.295,-0.199,0.295,-0.199,35.91,15.83,-30.53,-31.06,-0.53,697,697
IBM,RF,2022-01-01,55,0.2,0.494,0.183,-0.311,0.183,-0.311,35.91,3.94,-30.53,-43.21,-12.68,751,751
IBM,RF,2022-01-01,60,0.08,0.494,0.565,0.071,0.565,0.071,35.91,47.28,-30.53,-31.06,-0.53,419,419
IBM,RF,2022-01-01,60,0.12,0.494,0.377,-0.117,0.377,-0.117,35.91,24.83,-30.53,-31.06,-0.53,529,529
IBM,RF,2022-01-01,60,0.15,0.494,0.391,-0.103,0.391,-0.103,35.91,26.49,-30.53,-31.06,-0.53,651,651
IBM,RF,2022-01-01,60,0.2,0.494,0.17,-0.324,0.17,-0.324,35.91,2.65,-30.53,-43.21,-12.68,735,735
IBM,RF,2022-01-01,65,0.08,0.494,0.511,0.017,0.511,0.017,35.91,39.93,-30.53,-29.49,1.04,299,299
IBM,RF,2022-01-01,65,0.12,0.494,0.323,-0.171,0.323,-0.171,35.91,18.71,-30.53,-31.06,-0.53,512,512
IBM,RF,2022-01-01,65,0.15,0.494,0.336,-0.158,0.336,-0.158,35.91,20.29,-30.53,-31.06,-0.53,634,634
IBM,RF,2022-01-01,65,0.2,0.494,0.142,-0.352,0.142,-0.352,35.91,-0.02,-30.53,-43.21,-12.68,722,722
IBM,LR,2021-01-01,0,0.08,-0.051,0.177,0.228,0.071,0.122,-10.88,3.13,-35.02,-34.17,0.85,576,687
IBM,LR,2021-01-01,0,0.12,-0.051,0.199,0.25,0.071,0.122,-10.88,5.14,-35.02,-28.98,6.04,601,672
IBM,LR,2021-01-01,0,0.15,-0.051,0.374,0.425,0.071,0.122,-10.88,20.48,-35.02,-27.28,7.74,624,727
IBM,LR,2021-01-01,0,0.2,-0.051,0.121,0.172,0.071,0.122,-10.88,-1.43,-35.02,-34.17,0.85,638,729
IBM,LR,2021-01-01,50,0.08,-0.051,0.018,0.069,0.018,0.069,-10.88,-7.54,-35.02,-27.28,7.74,308,308
IBM,LR,2021-01-01,50,0.12,-0.051,-0.011,0.04,-0.011,0.04,-10.88,-9.96,-35.02,-28.39,6.63,390,390
IBM,LR,2021-01-01,50,0.15,-0.051,0.104,0.155,0.104,0.155,-10.88,-2.02,-35.02,-27.28,7.74,496,496
IBM,LR,2021-01-01,50,0.2,-0.051,-0.092,-0.041,-0.092,-0.041,-10.88,-16.39,-35.02,-34.17,0.85,530,530
IBM,LR,2021-01-01,55,0.08,-0.051,0.018,0.069,0.018,0.069,-10.88,-7.54,-35.02,-27.28,7.74,308,308
IBM,LR,2021-01-01,55,0.12,-0.051,-0.011,0.04,-0.011,0.04,-10.88,-9.96,-35.02,-28.39,6.63,390,390
IBM,LR,2021-01-01,55,0.15,-0.051,0.104,0.155,0.104,0.155,-10.88,-2.02,-35.02,-27.28,7.74,496,496
IBM,LR,2021-01-01,55,0.2,-0.051,-0.092,-0.041,-0.092,-0.041,-10.88,-16.39,-35.02,-34.17,0.85,530,530
IBM,LR,2021-01-01,60,0.08,-0.051,0.009,0.06,0.009,0.06,-10.88,-8.08,-35.02,-27.5,7.52,285,285
IBM,LR,2021-01-01,60,0.12,-0.051,-0.019,0.032,-0.019,0.032,-10.88,-10.48,-35.02,-28.81,6.21,367,367
IBM,LR,2021-01-01,60,0.15,-0.051,0.104,0.155,0.104,0.155,-10.88,-2.02,-35.02,-27.28,7.74,496,496
IBM,LR,2021-01-01,60,0.2,-0.051,-0.092,-0.041,-0.092,-0.041,-10.88,-16.39,-35.02,-34.17,0.85,530,530
IBM,LR,2021-01-01,65,0.08,-0.051,0.107,0.158,0.107,0.158,-10.88,-1.18,-35.02,-28.89,6.13,196,196
IBM,LR,2021-01-01,65,0.12,-0.051,0.049,0.1,0.049,0.1,-10.88,-5.62,-35.02,-30.18,4.84,232,232
IBM,LR,2021-01-01,65,0.15,-0.051,0.186,0.237,0.186,0.237,-10.88,4.35,-35.02,-27.28,7.74,369,369
IBM,LR,2021-01-01,65,0.2,-0.051,-0.005,0.046,-0.005,0.046,-10.88,-10.17,-35.02,-34.17,0.85,382,382
IBM,RF,2021-01-01,0,0.08,0.067,0.112,0.045,0.071,0.004,-4.28,-2.94,-31.86,-43.21,-11.35,620,640
IBM,RF,2021-01-01,0,0.12,0.067,0.076,0.009,0.071,0.004,-4.28,-5.84,-31.86,-43.21,-11.35,638,662
IBM,RF,2021-01-01,0,0.15,0.067,0.15,0.083,0.071,0.004,-4.28,0.12,-31.86,-40.37,-8.51,670,682
IBM,RF,2021-01-01,0,0.2,0.067,0.15,0.083,0.071,0.004,-4.28,0.12,-31.86,-40.37,-8.51,676,688
IBM,RF,2021-01-01,50,0.08,0.067,0.431,0.364,0.431,0.364,-4.28,26.28,-31.86,-30.67,1.19,435,435
IBM,RF,2021-01-01,50,0.12,0.067,0.345,0.278,0.345,0.278,-4.28,18.05,-31.86,-30.67,1.19,524,524
IBM,RF,2021-01-01,50,0.15,0.067,0.344,0.277,0.344,0.277,-4.28,18.1,-31.86,-30.67,1.19,600,600
IBM,RF,2021-01-01,50,0.2,0.067,0.126,0.059,0.126,0.059,-4.28,-1.71,-31.86,-43.21,-11.35,634,634
IBM,RF,2021-01-01,55,0.08,0.067,0.429,0.362,0.429,0.362,-4.28,26.08,-31.86,-30.67,1.19,428,428
IBM,RF,2021-01-01,55,0.12,0.067,0.345,0.278,0.345,0.278,-4.28,18.05,-31.86,-30.67,1.19,524,524
IBM,RF,2021-01-01,55,0.15,0.067,0.344,0.277,0.344,0.277,-4.28,18.1,-31.86,-30.67,1.19,600,600
IBM,RF,2021-01-01,55,0.2,0.067,0.126,0.059,0.126,0.059,-4.28,-1.71,-31.86,-43.21,-11.35,634,634
IBM,RF,2021-01-01,60,0.08,0.067,0.428,0.361,0.428,0.361,-4.28,25.68,-31.86,-30.67,1.19,269,269
IBM,RF,2021-01-01,60,0.12,0.067,0.336,0.269,0.336,0.269,-4.28,17.15,-31.86,-30.67,1.19,414,414
IBM,RF,2021-01-01,60,0.15,0.067,0.377,0.31,0.377,0.31,-4.28,21.23,-31.86,-30.67,1.19,541,541
IBM,RF,2021-01-01,60,0.2,0.067,0.102,0.035,0.102,0.035,-4.28,-3.59,-31.86,-43.21,-11.35,592,592
IBM,RF,2021-01-01,65,0.08,0.067,0.074,0.007,0.074,0.007,-4.28,-4.27,-31.86,-30.67,1.19,196,196
IBM,RF,2021-01-01,65,0.12,0.067,0.091,0.024,0.091,0.024,-4.28,-3.24,-31.86,-30.67,1.19,251,251
IBM,RF,2021-01-01,65,0.15,0.067,0.202,0.135,0.202,0.135,-4.28,5.3,-31.86,-30.67,1.19,442,442
IBM,RF,2021-01-01,65,0.2,0.067,-0.001,-0.068,-0.001,-0.068,-4.28,-11.28,-31.86,-43.21,-11.35,498,498
